id,name,isFork,commits,branches,defaultBranch,releases,contributors,license,watchers,stargazers,forks,size,createdAt,pushedAt,updatedAt,homepage,mainLanguage,totalIssues,openIssues,totalPullRequests,openPullRequests,blankLines,codeLines,commentLines,metrics,lastCommit,lastCommitSHA,hasWiki,isArchived,languages,labels,topics
10346,bigbluebutton/bigbluebutton,false,39488,6,develop,205,199,GNU Lesser General Public License v3.0,406,8084,5904,818777,2010-05-25T01:42:41,2023-09-12T10:58:06,2023-09-12T03:22:29,https://bigbluebutton.org,JavaScript,9049,707,9673,97,42958,422623,26208,"[{""language"":""Scheme"",""commentLines"":0,""codeLines"":381,""blankLines"":86},{""language"":""Go"",""commentLines"":74,""codeLines"":665,""blankLines"":151},{""language"":""TypeScript"",""commentLines"":59,""codeLines"":8338,""blankLines"":833},{""language"":""DOS Batch"",""commentLines"":4,""codeLines"":130,""blankLines"":44},{""language"":""JSX"",""commentLines"":806,""codeLines"":49801,""blankLines"":5776},{""language"":""Ruby"",""commentLines"":1751,""codeLines"":7107,""blankLines"":1545},{""language"":""Cucumber"",""commentLines"":0,""codeLines"":21,""blankLines"":5},{""language"":""Python"",""commentLines"":416,""codeLines"":1158,""blankLines"":270},{""language"":""Markdown"",""commentLines"":0,""codeLines"":9316,""blankLines"":4860},{""language"":""Sass"",""commentLines"":0,""codeLines"":27,""blankLines"":0},{""language"":""ERB"",""commentLines"":0,""codeLines"":77,""blankLines"":4},{""language"":""YAML"",""commentLines"":426,""codeLines"":3607,""blankLines"":69},{""language"":""Scala"",""commentLines"":2973,""codeLines"":27320,""blankLines"":5728},{""language"":""Gradle"",""commentLines"":7,""codeLines"":174,""blankLines"":25},{""language"":""Diff"",""commentLines"":60,""codeLines"":63,""blankLines"":12},{""language"":""JSON"",""commentLines"":0,""codeLines"":155595,""blankLines"":143},{""language"":""Dockerfile"",""commentLines"":0,""codeLines"":2,""blankLines"":1},{""language"":""XML"",""commentLines"":1314,""codeLines"":24773,""blankLines"":567},{""language"":""Java"",""commentLines"":5045,""codeLines"":21268,""blankLines"":4982},{""language"":""Bourne Again Shell"",""commentLines"":476,""codeLines"":2305,""blankLines"":434},{""language"":""TOML"",""commentLines"":1,""codeLines"":2,""blankLines"":0},{""language"":""Groovy"",""commentLines"":494,""codeLines"":3268,""blankLines"":580},{""language"":""HTML"",""commentLines"":119,""codeLines"":745,""blankLines"":127},{""language"":""CSS"",""commentLines"":952,""codeLines"":22211,""blankLines"":2766},{""language"":""JavaScript"",""commentLines"":10359,""codeLines"":77879,""blankLines"":12460},{""language"":""Maven"",""commentLines"":23,""codeLines"":240,""blankLines"":9},{""language"":""SQL"",""commentLines"":76,""codeLines"":1116,""blankLines"":164},{""language"":""Bourne Shell"",""commentLines"":761,""codeLines"":4035,""blankLines"":1311},{""language"":""SVG"",""commentLines"":12,""codeLines"":999,""blankLines"":6}]",2023-09-12T08:15:55,88cc9e62e1b6b7a03de67cf9f8891b5abed8fa7c,,,"{""JavaScript"":5247652,""Scala"":1487064,""Java"":1115850,""Ruby"":388771,""TypeScript"":279899,""Shell"":276827,""CSS"":167891,""Groovy"":155179,""Python"":75574,""PLpgSQL"":57216,""HTML"":38189,""Go"":28586,""Makefile"":2985,""Batchfile"":2375,""Gherkin"":925,""SCSS"":589,""Dockerfile"":66,""PostScript"":36}","[""cla: required"",""cla: signed"",""component: breakout rooms"",""component: chat"",""component: closed captions"",""component: external video"",""component: layout"",""component: learning dashboard"",""component: listen only"",""component: microphone"",""component: polling"",""component: presentation"",""component: screenshare"",""component: shared notes"",""component: webcam"",""component: whiteboard"",""contributions welcome"",""dependencies"",""deploy: configuration"",""deploy: installation"",""deploy: packaging"",""design: user experience"",""design: user interface"",""javascript"",""module: api"",""module: audio"",""module: client"",""module: core"",""module: graphql"",""module: lti"",""module: recording"",""module: video"",""module: web"",""module: webhook"",""priority: high"",""priority: low"",""priority: normal"",""priority: urgent"",""status: accepted"",""status: conflict"",""status: duplicated"",""status: invalid"",""status: stale"",""status: verify"",""status: wontfix"",""target: accessibilty"",""target: connection stability"",""target: documentation"",""target: engagement"",""target: localization"",""target: maintainability"",""target: performance"",""target: privacy"",""target: robustness"",""target: security"",""target: stability"",""target: usability"",""test firefox"",""type: bug"",""type: defect"",""type: discussion"",""type: enhancement"",""type: question"",""type: refactor"",""type: test""]","[""bigbluebutton"",""collaboration"",""conferencing"",""video"",""video-conferencing"",""webrtc""]"
3908544,opennebula/one,false,20435,62,master,0,125,Apache License 2.0,79,1038,462,110053,2011-03-10T05:53:48,2023-09-12T04:07:26,2023-09-12T07:36:00,http://opennebula.io,JavaScript,3588,515,2712,15,189432,706560,310146,"[{""language"":""INI"",""commentLines"":0,""codeLines"":271,""blankLines"":0},{""language"":""Go"",""commentLines"":3322,""codeLines"":8938,""blankLines"":2499},{""language"":""C"",""commentLines"":228,""codeLines"":2099,""blankLines"":475},{""language"":""Python"",""commentLines"":752,""codeLines"":1773,""blankLines"":551},{""language"":""TOML"",""commentLines"":25,""codeLines"":15,""blankLines"":6},{""language"":""Ruby"",""commentLines"":27542,""codeLines"":94789,""blankLines"":27493},{""language"":""Bourne Shell"",""commentLines"":2671,""codeLines"":8570,""blankLines"":2287},{""language"":""JavaScript"",""commentLines"":44903,""codeLines"":142895,""blankLines"":22544},{""language"":""PO File"",""commentLines"":172407,""codeLines"":178569,""blankLines"":88393},{""language"":""Yacc"",""commentLines"":105,""codeLines"":1037,""blankLines"":312},{""language"":""Handlebars"",""commentLines"":3627,""codeLines"":14802,""blankLines"":303},{""language"":""Lex"",""commentLines"":75,""codeLines"":148,""blankLines"":59},{""language"":""SVG"",""commentLines"":0,""codeLines"":364,""blankLines"":0},{""language"":""SQL"",""commentLines"":60,""codeLines"":215,""blankLines"":39},{""language"":""make"",""commentLines"":17,""codeLines"":55,""blankLines"":18},{""language"":""C/C++ Header"",""commentLines"":22952,""codeLines"":97563,""blankLines"":9923},{""language"":""XSD"",""commentLines"":177,""codeLines"":3456,""blankLines"":54},{""language"":""Diff"",""commentLines"":15,""codeLines"":4,""blankLines"":1},{""language"":""HTML"",""commentLines"":1,""codeLines"":33,""blankLines"":3},{""language"":""CSS"",""commentLines"":240,""codeLines"":2358,""blankLines"":401},{""language"":""Java"",""commentLines"":9051,""codeLines"":6544,""blankLines"":1601},{""language"":""Bourne Again Shell"",""commentLines"":4660,""codeLines"":9118,""blankLines"":3483},{""language"":""JSON"",""commentLines"":0,""codeLines"":25232,""blankLines"":6},{""language"":""XML"",""commentLines"":386,""codeLines"":8372,""blankLines"":261},{""language"":""C++"",""commentLines"":13905,""codeLines"":81107,""blankLines"":26560},{""language"":""ERB"",""commentLines"":14,""codeLines"":1156,""blankLines"":144},{""language"":""YAML"",""commentLines"":2845,""codeLines"":14876,""blankLines"":1474},{""language"":""Markdown"",""commentLines"":0,""codeLines"":429,""blankLines"":223},{""language"":""Sass"",""commentLines"":166,""codeLines"":1772,""blankLines"":319}]",2023-09-12T04:02:53,4673721a21ca095534d4b7de419160eba726d4f7,,,"{""JavaScript"":7623993,""C++"":5198758,""Ruby"":5092399,""C"":1582999,""Shell"":1135964,""Handlebars"":874958,""Java"":546242,""Go"":482594,""Python"":203367,""CSS"":77624,""HTML"":48916,""SCSS"":45237,""Yacc"":35951,""Lex"":10999,""Augeas"":5809,""Jinja"":3712,""Makefile"":2832,""Roff"":2086}","[""category: api"",""category: cli"",""category: context"",""category: core & system"",""category: documentation"",""category: drivers - auth"",""category: drivers - monitor"",""category: drivers - network"",""category: drivers - storage"",""category: firecracker"",""category: fireedge"",""category: integration"",""category: kubernetes"",""category: kvm"",""category: lxd/lxc"",""category: marketplace"",""category: nsx"",""category: orchestration - flow"",""category: packages"",""category: provision"",""category: scheduler"",""category: sunstone"",""category: tester"",""category: vcenter"",""category: virtual router"",""category: whmcs"",""community"",""priority: high"",""priority: low"",""priority: normal"",""security"",""sponsored"",""status: abandoned"",""status: accepted"",""status: pending"",""type: backlog"",""type: bug"",""type: feature""]","[""cloud"",""kvm"",""lxc"",""open-source"",""opennebula"",""orchestration"",""virtual-machine"",""virtualization""]"
3970008,exelearning/iteexe,false,5138,12,master,22,28,GNU General Public License v2.0,27,114,44,539101,2011-06-10T09:24:56,2023-08-27T03:21:57,2023-08-24T04:44:55,http://exelearning.net,JavaScript,678,2,23,0,276651,1194882,407394,"[{""language"":""XMI"",""commentLines"":0,""codeLines"":25429,""blankLines"":0},{""language"":""YAML"",""commentLines"":6,""codeLines"":72,""blankLines"":13},{""language"":""Markdown"",""commentLines"":0,""codeLines"":236,""blankLines"":81},{""language"":""XML"",""commentLines"":108,""codeLines"":1829,""blankLines"":87},{""language"":""make"",""commentLines"":17,""codeLines"":18,""blankLines"":8},{""language"":""JavaScript"",""commentLines"":18897,""codeLines"":328101,""blankLines"":56637},{""language"":""XSD"",""commentLines"":1050,""codeLines"":6572,""blankLines"":819},{""language"":""JSON"",""commentLines"":0,""codeLines"":1628,""blankLines"":0},{""language"":""Ruby"",""commentLines"":29,""codeLines"":95,""blankLines"":25},{""language"":""Cython"",""commentLines"":24,""codeLines"":364,""blankLines"":67},{""language"":""C"",""commentLines"":177,""codeLines"":2528,""blankLines"":296},{""language"":""Python"",""commentLines"":41633,""codeLines"":125800,""blankLines"":32624},{""language"":""CSS"",""commentLines"":20921,""codeLines"":98364,""blankLines"":11353},{""language"":""HTML"",""commentLines"":143,""codeLines"":16388,""blankLines"":2526},{""language"":""INI"",""commentLines"":0,""codeLines"":40,""blankLines"":8},{""language"":""XHTML"",""commentLines"":0,""codeLines"":140,""blankLines"":1},{""language"":""PO File"",""commentLines"":322433,""codeLines"":422799,""blankLines"":168485},{""language"":""Diff"",""commentLines"":7,""codeLines"":5,""blankLines"":1},{""language"":""Bourne Shell"",""commentLines"":302,""codeLines"":94,""blankLines"":33},{""language"":""Visual Studio Solution"",""commentLines"":0,""codeLines"":21,""blankLines"":0},{""language"":""Sass"",""commentLines"":1281,""codeLines"":15141,""blankLines"":3190},{""language"":""Glade"",""commentLines"":0,""codeLines"":1491,""blankLines"":129},{""language"":""SVG"",""commentLines"":2,""codeLines"":146776,""blankLines"":0},{""language"":""DTD"",""commentLines"":364,""codeLines"":951,""blankLines"":268}]",2023-08-27T03:21:39,bb5cf70a904b4f892309cbeb5743f2a081d32109,,,"{""JavaScript"":8042512,""Python"":7442205,""CSS"":750350,""HTML"":276321,""C"":108713,""Cython"":19488,""Shell"":19332,""NSIS"":18605}","[""a"",""accepted"",""b"",""c"",""d"",""e"",""exeonline"",""fr"",""works for me""]",[]
3978372,mozilla/rhino,false,4192,55,master,15,87,Other,170,3730,813,25433,2011-05-12T06:47:26,2023-09-09T06:40:25,2023-09-09T10:05:47,https://www.mozilla.org/rhino/,JavaScript,649,212,666,28,136072,495532,82012,"[{""language"":""CSS"",""commentLines"":1,""codeLines"":302,""blankLines"":11},{""language"":""HTML"",""commentLines"":24,""codeLines"":21086,""blankLines"":152},{""language"":""DOS Batch"",""commentLines"":2,""codeLines"":66,""blankLines"":21},{""language"":""JSON"",""commentLines"":0,""codeLines"":100010,""blankLines"":0},{""language"":""Gradle"",""commentLines"":6,""codeLines"":446,""blankLines"":63},{""language"":""XML"",""commentLines"":165,""codeLines"":131,""blankLines"":37},{""language"":""YAML"",""commentLines"":7,""codeLines"":105,""blankLines"":6},{""language"":""Java"",""commentLines"":25324,""codeLines"":115765,""blankLines"":17956},{""language"":""Perl"",""commentLines"":494,""codeLines"":3478,""blankLines"":873},{""language"":""Bourne Shell"",""commentLines"":243,""codeLines"":1415,""blankLines"":314},{""language"":""Markdown"",""commentLines"":0,""codeLines"":1132,""blankLines"":269},{""language"":""make"",""commentLines"":16,""codeLines"":102,""blankLines"":24},{""language"":""JavaScript"",""commentLines"":55730,""codeLines"":251494,""blankLines"":116346}]",2023-09-09T06:40:25,d421fe307698c06627a280540b7b19410e1ceaba,,,"{""JavaScript"":11351181,""C++"":8671293,""Java"":5730580,""C"":164261,""Perl"":146094,""Shell"":58062,""HTML"":23881,""Makefile"":4255}","[""android"",""annex b (ecma)"",""behavior"",""breaking change"",""bug"",""commonjs"",""community input needed"",""compilation"",""continuations"",""debugging javascript"",""distribution"",""docs"",""e4x"",""ecma incompatibility"",""embedding rhino"",""enhancement"",""feature"",""good first issue"",""intl402"",""java compatibility"",""java exception leaking"",""java interop"",""jsr 223 script engine"",""non-ecma"",""performance"",""potentially breaking change"",""recursion"",""regression"",""roadmap"",""security"",""strict mode"",""test262"",""test262 harness"",""triage"",""won't fix""]",[]
3997027,cloudera/hue,false,20712,433,master,5,229,Apache License 2.0,33,949,333,442171,2010-06-21T07:46:51,2023-09-12T04:00:12,2023-09-13T02:40:30,https://cloudera.com,JavaScript,1182,22,2193,13,304957,1787241,311345,"[{""language"":""Perl"",""commentLines"":3,""codeLines"":28,""blankLines"":6},{""language"":""Lean"",""commentLines"":0,""codeLines"":8,""blankLines"":1},{""language"":""Pascal"",""commentLines"":12,""codeLines"":29,""blankLines"":7},{""language"":""Bourne Shell"",""commentLines"":1126,""codeLines"":3907,""blankLines"":699},{""language"":""Windows Message File"",""commentLines"":0,""codeLines"":8,""blankLines"":0},{""language"":""make"",""commentLines"":782,""codeLines"":1084,""blankLines"":307},{""language"":""TeX"",""commentLines"":3,""codeLines"":36,""blankLines"":3},{""language"":""Haxe"",""commentLines"":1,""codeLines"":15,""blankLines"":1},{""language"":""Haml"",""commentLines"":2,""codeLines"":29,""blankLines"":5},{""language"":""DOS Batch"",""commentLines"":2,""codeLines"":106,""blankLines"":20},{""language"":""OCaml"",""commentLines"":5,""codeLines"":10,""blankLines"":3},{""language"":""Ruby"",""commentLines"":1,""codeLines"":28,""blankLines"":6},{""language"":""Diff"",""commentLines"":327,""codeLines"":421,""blankLines"":93},{""language"":""Julia"",""commentLines"":0,""codeLines"":13,""blankLines"":2},{""language"":""Less"",""commentLines"":1493,""codeLines"":13731,""blankLines"":3074},{""language"":""Forth"",""commentLines"":0,""codeLines"":36,""blankLines"":5},{""language"":""TypeScript"",""commentLines"":4698,""codeLines"":31138,""blankLines"":2999},{""language"":""Python"",""commentLines"":120621,""codeLines"":423307,""blankLines"":100288},{""language"":""ColdFusion"",""commentLines"":1,""codeLines"":2,""blankLines"":2},{""language"":""Cucumber"",""commentLines"":1,""codeLines"":22,""blankLines"":5},{""language"":""C#"",""commentLines"":1,""codeLines"":3,""blankLines"":0},{""language"":""Smarty"",""commentLines"":0,""codeLines"":7,""blankLines"":0},{""language"":""Liquid"",""commentLines"":0,""codeLines"":58,""blankLines"":18},{""language"":""Clojure"",""commentLines"":4,""codeLines"":14,""blankLines"":1},{""language"":""Elixir"",""commentLines"":14,""codeLines"":21,""blankLines"":7},{""language"":""Protocol Buffers"",""commentLines"":0,""codeLines"":14,""blankLines"":2},{""language"":""Freemarker Template"",""commentLines"":4,""codeLines"":31,""blankLines"":11},{""language"":""Assembly"",""commentLines"":0,""codeLines"":13,""blankLines"":5},{""language"":""Scala"",""commentLines"":1,""codeLines"":61,""blankLines"":7},{""language"":""CoffeeScript"",""commentLines"":3,""codeLines"":16,""blankLines"":3},{""language"":""ERB"",""commentLines"":1,""codeLines"":21,""blankLines"":4},{""language"":""Java"",""commentLines"":26,""codeLines"":225,""blankLines"":18},{""language"":""Specman e"",""commentLines"":2,""codeLines"":20,""blankLines"":8},{""language"":""Velocity Template Language"",""commentLines"":214,""codeLines"":1465,""blankLines"":246},{""language"":""Lisp"",""commentLines"":1,""codeLines"":20,""blankLines"":1},{""language"":""Dockerfile"",""commentLines"":74,""codeLines"":402,""blankLines"":100},{""language"":""Vuejs Component"",""commentLines"":1499,""codeLines"":10155,""blankLines"":1474},{""language"":""SQL"",""commentLines"":4589,""codeLines"":14472,""blankLines"":3043},{""language"":""Mako"",""commentLines"":4384,""codeLines"":70867,""blankLines"":8534},{""language"":""Pig Latin"",""commentLines"":0,""codeLines"":9,""blankLines"":4},{""language"":""ABAP"",""commentLines"":9,""codeLines"":18,""blankLines"":9},{""language"":""CSS"",""commentLines"":1477,""codeLines"":43607,""blankLines"":3832},{""language"":""HTML"",""commentLines"":327,""codeLines"":27812,""blankLines"":4475},{""language"":""Ada"",""commentLines"":0,""codeLines"":5,""blankLines"":0},{""language"":""PO File"",""commentLines"":73806,""codeLines"":109256,""blankLines"":46905},{""language"":""Nix"",""commentLines"":21,""codeLines"":32,""blankLines"":4},{""language"":""Maven"",""commentLines"":28,""codeLines"":197,""blankLines"":28},{""language"":""Rust"",""commentLines"":0,""codeLines"":18,""blankLines"":2},{""language"":""Elm"",""commentLines"":0,""codeLines"":10,""blankLines"":2},{""language"":""Lua"",""commentLines"":199,""codeLines"":2363,""blankLines"":555},{""language"":""Visual Basic Script"",""commentLines"":5,""codeLines"":17,""blankLines"":1},{""language"":""JavaScript"",""commentLines"":78018,""codeLines"":713702,""blankLines"":88515},{""language"":""JSP"",""commentLines"":1,""codeLines"":40,""blankLines"":5},{""language"":""reStructuredText"",""commentLines"":2207,""codeLines"":10552,""blankLines"":4497},{""language"":""Scheme"",""commentLines"":1,""codeLines"":19,""blankLines"":1},{""language"":""Haskell"",""commentLines"":6,""codeLines"":10,""blankLines"":4},{""language"":""JSX"",""commentLines"":6,""codeLines"":14,""blankLines"":4},{""language"":""PowerShell"",""commentLines"":1,""codeLines"":18,""blankLines"":5},{""language"":""CSV"",""commentLines"":0,""codeLines"":46748,""blankLines"":774},{""language"":""Handlebars"",""commentLines"":1,""codeLines"":6,""blankLines"":1},{""language"":""Verilog-SystemVerilog"",""commentLines"":0,""codeLines"":11,""blankLines"":1},{""language"":""Go"",""commentLines"":8,""codeLines"":22,""blankLines"":4},{""language"":""R"",""commentLines"":0,""codeLines"":16,""blankLines"":4},{""language"":""Dart"",""commentLines"":5,""codeLines"":10,""blankLines"":4},{""language"":""Objective-C"",""commentLines"":4,""codeLines"":73,""blankLines"":27},{""language"":""Vala"",""commentLines"":0,""codeLines"":16,""blankLines"":5},{""language"":""VHDL"",""commentLines"":0,""codeLines"":25,""blankLines"":9},{""language"":""EJS"",""commentLines"":0,""codeLines"":29,""blankLines"":2},{""language"":""Tcl/Tk"",""commentLines"":5,""codeLines"":30,""blankLines"":5},{""language"":""XSLT"",""commentLines"":204,""codeLines"":6503,""blankLines"":2413},{""language"":""Sass"",""commentLines"":279,""codeLines"":3096,""blankLines"":679},{""language"":""Twig"",""commentLines"":1,""codeLines"":24,""blankLines"":5},{""language"":""PHP"",""commentLines"":1,""codeLines"":14,""blankLines"":4},{""language"":""XML"",""commentLines"":11394,""codeLines"":30829,""blankLines"":3406},{""language"":""Markdown"",""commentLines"":0,""codeLines"":91630,""blankLines"":24456},{""language"":""YAML"",""commentLines"":68,""codeLines"":2007,""blankLines"":93},{""language"":""AutoHotkey"",""commentLines"":3,""codeLines"":26,""blankLines"":6},{""language"":""INI"",""commentLines"":0,""codeLines"":2381,""blankLines"":831},{""language"":""Stylus"",""commentLines"":8,""codeLines"":36,""blankLines"":11},{""language"":""TOML"",""commentLines"":78,""codeLines"":524,""blankLines"":138},{""language"":""XQuery"",""commentLines"":0,""codeLines"":5,""blankLines"":1},{""language"":""C++"",""commentLines"":4,""codeLines"":33,""blankLines"":9},{""language"":""XSD"",""commentLines"":102,""codeLines"":5182,""blankLines"":540},{""language"":""ActionScript"",""commentLines"":11,""codeLines"":28,""blankLines"":12},{""language"":""GLSL"",""commentLines"":3,""codeLines"":13,""blankLines"":4},{""language"":""Pug"",""commentLines"":8,""codeLines"":259,""blankLines"":62},{""language"":""JSON"",""commentLines"":0,""codeLines"":101043,""blankLines"":3},{""language"":""Thrift"",""commentLines"":3069,""codeLines"":4841,""blankLines"":1496},{""language"":""Bourne Again Shell"",""commentLines"":61,""codeLines"":192,""blankLines"":51},{""language"":""SVG"",""commentLines"":17,""codeLines"":12004,""blankLines"":31},{""language"":""Erlang"",""commentLines"":3,""codeLines"":14,""blankLines"":3},{""language"":""Groovy"",""commentLines"":1,""codeLines"":29,""blankLines"":11}]",2023-09-12T02:50:57,49751e83b7ea8500ff7accfccbee2c6f781338c0,,,"{""JavaScript"":38497247,""Python"":19787209,""C"":5072392,""Mako"":3654503,""HTML"":1666744,""TypeScript"":1359005,""Yacc"":1070437,""Cython"":929838,""Roff"":484108,""Emacs Lisp"":411907,""Vue"":403162,""Less"":393306,""XSLT"":368058,""CSS"":320917,""Thrift"":299395,""Vim Snippet"":226931,""Lex"":218764,""Shell"":194016,""SCSS"":97785,""Makefile"":85341,""Lua"":78382,""PLSQL"":29403,""Java"":16989,""Dockerfile"":14119,""GAP"":11337,""LiveScript"":5747,""Batchfile"":3331,""BASIC"":2884,""Objective-C"":2672,""PLpgSQL"":2547,""R"":2445,""Nix"":2212,""LSL"":2080,""Liquid"":1883,""M4"":1751,""Scala"":1541,""Pascal"":1412,""TeX"":1345,""ActionScript"":1133,""Groovy"":1080,""Closure Templates"":1072,""FreeMarker"":1017,""Forth"":979,""ABAP"":962,""Genshi"":946,""VBScript"":938,""Myghty"":936,""Haml"":920,""Tcl"":899,""VHDL"":830,""C++"":806,""Clojure"":794,""Sass"":770,""Twig"":761,""EJS"":752,""AutoHotkey"":720,""Gherkin"":699,""Elixir"":692,""Stylus"":682,""Perl"":678,""Go"":641,""Common Lisp"":632,""Mask"":597,""Pug"":584,""Scheme"":559,""OCaml"":539,""Ruby"":531,""G-code"":521,""Cirru"":520,""Haskell"":512,""GLSL"":512,""Assembly"":506,""Rust"":495,""Dart"":489,""Erlang"":487,""Elm"":487,""Vala"":485,""Haxe"":447,""PowerShell"":418,""CoffeeScript"":403,""Eiffel"":375,""PigLatin"":371,""Jinja"":356,""PHP"":351,""OpenSCAD"":333,""D"":324,""Verilog"":274,""Lean"":213,""Julia"":210,""MATLAB"":203,""Handlebars"":173,""Io"":140,""Smarty"":130,""XQuery"":114,""Ada"":99,""ColdFusion"":86,""C#"":83,""HiveQL"":43,""jq"":4,""COBOL"":4}","[""bug"",""configuration"",""dependencies"",""enhancement"",""good first issue"",""javascript"",""prevent stale"",""python"",""stale""]","[""autocomplete"",""compose"",""data-warehouse"",""databases"",""query-editor"",""sql"",""sql-assistant"",""sql-editor""]"
5177937,bbc/tal,false,2451,6,master,47,62,Other,136,552,153,50941,2012-12-12T05:14:27,2023-10-16T02:22:05,2023-11-28T02:08:26,http://bbc.github.com/tal,JavaScript,182,0,367,0,11098,86463,9121,"[{""language"":""JSON"",""commentLines"":0,""codeLines"":31802,""blankLines"":27},{""language"":""JavaScript"",""commentLines"":9097,""codeLines"":54497,""blankLines"":11025},{""language"":""YAML"",""commentLines"":12,""codeLines"":17,""blankLines"":4},{""language"":""Markdown"",""commentLines"":0,""codeLines"":47,""blankLines"":27},{""language"":""HTML"",""commentLines"":0,""codeLines"":44,""blankLines"":7},{""language"":""CSS"",""commentLines"":12,""codeLines"":56,""blankLines"":8}]",2023-10-16T02:22:05,0b9723fd291ebb3d1a7a21fc7ea06a48e33d9113,,,"{""JavaScript"":3036687,""HTML"":2482,""CSS"":2098}","[""bug"",""documentation"",""duplicate"",""enhancement"",""in progress"",""invalid"",""investigation"",""linting"",""question"",""semver-major"",""semver-minor"",""suggestion"",""tech-debt"",""wontfix""]","[""javascript"",""tv-applications""]"
5222096,tilemill-project/tilemill,false,5612,22,master,4,58,BSD 3-Clause New or Revised License,161,3070,529,122384,2010-07-05T04:59:47,2023-11-05T06:10:50,2023-12-15T04:27:14,https://tilemill-project.github.io/tilemill/,JavaScript,2523,406,240,3,2690,56324,1917,"[{""language"":""JSON"",""commentLines"":0,""codeLines"":10471,""blankLines"":3},{""language"":""Dockerfile"",""commentLines"":6,""codeLines"":13,""blankLines"":7},{""language"":""Bourne Shell"",""commentLines"":53,""codeLines"":741,""blankLines"":63},{""language"":""SQL"",""commentLines"":0,""codeLines"":392,""blankLines"":3},{""language"":""YAML"",""commentLines"":6,""codeLines"":90,""blankLines"":13},{""language"":""SVG"",""commentLines"":11,""codeLines"":25482,""blankLines"":11},{""language"":""Python"",""commentLines"":5,""codeLines"":66,""blankLines"":7},{""language"":""CSS"",""commentLines"":136,""codeLines"":2154,""blankLines"":372},{""language"":""Markdown"",""commentLines"":0,""codeLines"":793,""blankLines"":388},{""language"":""JavaScript"",""commentLines"":1700,""codeLines"":16122,""blankLines"":1823}]",2023-11-05T06:10:49,1672dad5cc2283b1c8efdc8adb9ab496267fba00,,,"{""JavaScript"":705391,""CSS"":54417,""Shell"":35000,""Python"":3339,""Dockerfile"":623}","[""0 - backlog"",""1 - ready"",""2 - working"",""3 - done"",""bug"",""datasprint"",""dependencies"",""docs"",""enhancement"",""gh-pages"",""infrastructure"",""installation"",""osx"",""plugins"",""reconsider"",""tests"",""ui"",""upstream"",""windows"",""wishlist""]","[""mapbox"",""mapnik"",""openstreetmap"",""osm"",""tilemill""]"
6148800,copenhagenjs/copenhagenjs.dk,false,1427,53,master,0,22,,3,25,16,6439,2011-07-20T08:13:39,2023-12-16T06:23:40,2023-08-22T02:39:06,https://copenhagenjs.dk,JavaScript,84,29,489,50,1561,38706,29,"[{""language"":""YAML"",""commentLines"":3,""codeLines"":179,""blankLines"":6},{""language"":""CSS"",""commentLines"":2,""codeLines"":166,""blankLines"":34},{""language"":""Bazel"",""commentLines"":0,""codeLines"":141,""blankLines"":13},{""language"":""HTML"",""commentLines"":0,""codeLines"":16,""blankLines"":0},{""language"":""Markdown"",""commentLines"":0,""codeLines"":2913,""blankLines"":1050},{""language"":""TypeScript"",""commentLines"":18,""codeLines"":1316,""blankLines"":126},{""language"":""JavaScript"",""commentLines"":5,""codeLines"":4115,""blankLines"":300},{""language"":""JSON"",""commentLines"":0,""codeLines"":29807,""blankLines"":6},{""language"":""Dockerfile"",""commentLines"":0,""codeLines"":30,""blankLines"":26},{""language"":""SVG"",""commentLines"":1,""codeLines"":19,""blankLines"":0},{""language"":""Bourne Shell"",""commentLines"":0,""codeLines"":4,""blankLines"":0}]",2023-07-04T09:52:21,f7dbcf74b9af7a1ebad86051c8d683998cdb8d77,,,"{""JavaScript"":117610,""TypeScript"":37377,""Starlark"":4184,""CSS"":3147,""Dockerfile"":713,""HTML"":331,""Shell"":313}","[""dependencies"",""good first issue""]","[""community"",""javascript"",""meetup""]"
6198863,tjvantoll/www.tjvantoll.com,false,1648,6,main,0,45,MIT License,3,14,4,1186812,2011-09-29T01:39:36,2023-07-05T03:36:34,2022-03-31T05:17:00,https://www.tjvantoll.com,JavaScript,7,0,17,5,91172,604058,95773,"[{""language"":""Sass"",""commentLines"":162,""codeLines"":4539,""blankLines"":991},{""language"":""SVG"",""commentLines"":100,""codeLines"":4374,""blankLines"":0},{""language"":""Markdown"",""commentLines"":0,""codeLines"":8988,""blankLines"":3535},{""language"":""CoffeeScript"",""commentLines"":0,""codeLines"":1,""blankLines"":0},{""language"":""YAML"",""commentLines"":3,""codeLines"":16,""blankLines"":2},{""language"":""JavaScript"",""commentLines"":89910,""codeLines"":476972,""blankLines"":73031},{""language"":""PHP"",""commentLines"":77,""codeLines"":125,""blankLines"":21},{""language"":""DOS Batch"",""commentLines"":2,""codeLines"":64,""blankLines"":24},{""language"":""HTML"",""commentLines"":261,""codeLines"":25775,""blankLines"":5196},{""language"":""CSS"",""commentLines"":4600,""codeLines"":57972,""blankLines"":4087},{""language"":""XML"",""commentLines"":0,""codeLines"":30,""blankLines"":0},{""language"":""JSON"",""commentLines"":0,""codeLines"":1115,""blankLines"":57},{""language"":""Bourne Again Shell"",""commentLines"":21,""codeLines"":123,""blankLines"":20},{""language"":""Less"",""commentLines"":623,""codeLines"":23684,""blankLines"":4155},{""language"":""Gradle"",""commentLines"":14,""codeLines"":280,""blankLines"":53}]",2023-07-05T03:36:22,23ca0bcb8043549617ca5f7a7f96fbe333279d7c,,,"{""JavaScript"":7941195,""CSS"":996221,""HTML"":916555,""SCSS"":170261,""Less"":46987,""PHP"":1225,""Ruby"":103,""CoffeeScript"":25}","[""dependencies""]",[]
6228477,cartodb/windshaft,false,3949,42,master,0,22,BSD 3-Clause New or Revised License,109,306,83,7079,2011-08-31T06:16:27,2023-08-31T02:06:49,2023-08-30T02:50:50,,JavaScript,368,25,374,12,3493,31376,491,"[{""language"":""SVG"",""commentLines"":0,""codeLines"":10,""blankLines"":0},{""language"":""YAML"",""commentLines"":7,""codeLines"":29,""blankLines"":10},{""language"":""CSS"",""commentLines"":15,""codeLines"":417,""blankLines"":47},{""language"":""SQL"",""commentLines"":26,""codeLines"":7500,""blankLines"":37},{""language"":""JavaScript"",""commentLines"":443,""codeLines"":13912,""blankLines"":1985},{""language"":""JSON"",""commentLines"":0,""codeLines"":5538,""blankLines"":1},{""language"":""Bourne Shell"",""commentLines"":0,""codeLines"":28,""blankLines"":5},{""language"":""Markdown"",""commentLines"":0,""codeLines"":3693,""blankLines"":1363},{""language"":""HTML"",""commentLines"":0,""codeLines"":247,""blankLines"":45},{""language"":""make"",""commentLines"":0,""codeLines"":2,""blankLines"":0}]",2023-08-30T02:50:43,00024925c6db41fb33ceaa6c8146a69441a8ade2,,,"{""JavaScript"":566529,""HTML"":4595,""Shell"":1763,""Makefile"":85}","[""blocked"",""bug"",""dependencies"",""documentation"",""enhancement"",""new feature"",""node.js"",""performance"",""question"",""raster"",""rt-backend""]",[]
6287679,paperjs/paper.js,false,7403,15,develop,25,73,Other,404,13978,1231,110600,2011-02-07T06:21:30,2023-09-22T01:24:39,2023-11-03T07:14:17,http://paperjs.org,JavaScript,1619,347,421,55,5193,38204,24127,"[{""language"":""YAML"",""commentLines"":1,""codeLines"":48,""blankLines"":2},{""language"":""CSS"",""commentLines"":1,""codeLines"":10,""blankLines"":1},{""language"":""HTML"",""commentLines"":26,""codeLines"":9460,""blankLines"":648},{""language"":""SVG"",""commentLines"":3,""codeLines"":539,""blankLines"":1},{""language"":""Bourne Shell"",""commentLines"":56,""codeLines"":44,""blankLines"":9},{""language"":""Mustache"",""commentLines"":0,""codeLines"":74,""blankLines"":13},{""language"":""Markdown"",""commentLines"":0,""codeLines"":973,""blankLines"":289},{""language"":""TypeScript"",""commentLines"":5700,""codeLines"":1923,""blankLines"":989},{""language"":""JavaScript"",""commentLines"":18340,""codeLines"":24868,""blankLines"":3241},{""language"":""JSON"",""commentLines"":0,""codeLines"":265,""blankLines"":0}]",2023-07-20T07:07:09,f436c735e12b9e5716904f71fb0c4b97b118e0f8,,,"{""JavaScript"":1745847,""TypeScript"":25263,""Shell"":3809,""Mustache"":2037,""HTML"":627}","[""cat: animation"",""cat: boolean-operations"",""cat: bounds"",""cat: build"",""cat: canvas-rendering"",""cat: curve-intersection"",""cat: documentation"",""cat: event-handling"",""cat: hit-testing"",""cat: import-export"",""cat: install"",""cat: matrix"",""cat: node.js"",""cat: paper-script"",""cat: path-processing"",""cat: performance"",""cat: scene-graph"",""cat: sketch"",""cat: styling"",""cat: svg"",""cat: touch-events"",""cat: typescript"",""cat: typography"",""dependencies"",""needs: bug-submission"",""needs: documentation"",""needs: feedback"",""needs: test-case"",""needs: unit-test"",""pri: critical"",""pri: important"",""pri: low"",""status: pr proposed"",""status: wont-fix"",""type: api-change"",""type: bug"",""type: feature"",""type: improvement"",""type: proposal"",""type: question""]",[]
6568782,caolan/async,false,1884,3,master,7,231,MIT License,669,27918,2464,6716,2010-06-01T09:01:30,2023-08-15T09:13:30,2023-08-16T01:37:32,http://caolan.github.io/async/,JavaScript,1114,7,780,0,56799,102216,12024,"[{""language"":""SVG"",""commentLines"":1,""codeLines"":14692,""blankLines"":0},{""language"":""Bourne Shell"",""commentLines"":6,""codeLines"":123,""blankLines"":32},{""language"":""Markdown"",""commentLines"":0,""codeLines"":651,""blankLines"":219},{""language"":""JSON"",""commentLines"":0,""codeLines"":18485,""blankLines"":0},{""language"":""HTML"",""commentLines"":507,""codeLines"":49001,""blankLines"":53789},{""language"":""CSS"",""commentLines"":62,""codeLines"":1510,""blankLines"":324},{""language"":""make"",""commentLines"":9,""codeLines"":119,""blankLines"":41},{""language"":""YAML"",""commentLines"":0,""codeLines"":88,""blankLines"":15},{""language"":""JavaScript"",""commentLines"":11439,""codeLines"":17547,""blankLines"":2379}]",2023-08-15T09:13:21,812184055566b7803b89d8ef8dc6a93ea3b95eda,,,"{""JavaScript"":607127,""CSS"":16257,""Shell"":4920,""Makefile"":4804}","[""breaking-change"",""bug"",""dependencies"",""docs"",""duplicate"",""enhancement"",""feature"",""feedback-wanted"",""help wanted"",""javascript"",""performance"",""question"",""queue"",""wont fix""]","[""async"",""callbacks"",""javascript""]"
6568989,canjs/canjs,false,11238,320,master,150,162,Other,107,1908,429,185685,2012-01-20T05:57:21,2023-08-03T07:56:13,2023-07-03T06:45:55,https://canjs.com/,JavaScript,2147,299,3367,13,14390,67598,2593,"[{""language"":""SVG"",""commentLines"":15,""codeLines"":1024,""blankLines"":36},{""language"":""CSS"",""commentLines"":55,""codeLines"":874,""blankLines"":80},{""language"":""Less"",""commentLines"":10,""codeLines"":374,""blankLines"":22},{""language"":""Bourne Shell"",""commentLines"":4,""codeLines"":8,""blankLines"":1},{""language"":""HTML"",""commentLines"":15,""codeLines"":13634,""blankLines"":1865},{""language"":""YAML"",""commentLines"":1,""codeLines"":46,""blankLines"":0},{""language"":""Markdown"",""commentLines"":6,""codeLines"":23049,""blankLines"":8073},{""language"":""JSON"",""commentLines"":0,""codeLines"":554,""blankLines"":1},{""language"":""make"",""commentLines"":15,""codeLines"":27,""blankLines"":0},{""language"":""JavaScript"",""commentLines"":2472,""codeLines"":28008,""blankLines"":4312}]",2023-08-03T07:56:13,96a1e47c2aed12f4eba9f04eff7c221575c4406b,,,"{""JavaScript"":580051,""HTML"":15435,""Makefile"":1391,""Shell"":361}","[""6.0"",""6.1"",""accessibility"",""bug"",""can-component"",""ci"",""cleanup"",""community"",""compatibility"",""demos"",""design"",""dev build"",""developer relations"",""discussion"",""documentation"",""duplicate"",""easy"",""enhancement"",""epic"",""error messages"",""es modules"",""fixed in branch"",""future feature"",""good first issue"",""greenkeeper"",""help wanted"",""in progress"",""invalid"",""meetup content"",""moved to sub-repo"",""needs a hero"",""needs submitter response"",""p0"",""p1"",""p2"",""p3"",""p4"",""performance"",""proposal"",""question"",""regression"",""review"",""sample code"",""semver major"",""solved on paper"",""test needed"",""testing"",""training content"",""tree-shaking"",""webpack"",""website"",""wontfix""]","[""canjs"",""crud"",""dom"",""framework"",""javascript""]"
6610062,prose/prose,false,3336,16,master,3,68,BSD 3-Clause New or Revised License,106,4662,751,15993,2012-03-08T11:32:29,2023-10-27T12:17:50,2023-12-16T01:39:22,http://prose.io,JavaScript,832,187,306,17,2140,20405,784,"[{""language"":""YAML"",""commentLines"":6,""codeLines"":287,""blankLines"":18},{""language"":""CSS"",""commentLines"":93,""codeLines"":2387,""blankLines"":191},{""language"":""HTML"",""commentLines"":10,""codeLines"":694,""blankLines"":51},{""language"":""Bourne Shell"",""commentLines"":1,""codeLines"":20,""blankLines"":1},{""language"":""SVG"",""commentLines"":30,""codeLines"":3279,""blankLines"":30},{""language"":""JavaScript"",""commentLines"":644,""codeLines"":8751,""blankLines"":1758},{""language"":""JSON"",""commentLines"":0,""codeLines"":4809,""blankLines"":0},{""language"":""Markdown"",""commentLines"":0,""codeLines"":178,""blankLines"":91}]",2023-10-19T08:27:34,22984957651ad70d310749956cb0450ba83f2fb3,,,"{""JavaScript"":258777,""CSS"":59212,""SCSS"":58352,""HTML"":28569,""Shell"":707}","[""bug"",""code-mirror"",""dependencies"",""discussion"",""documentation"",""duplicate"",""enhancement"",""help-wanted"",""invalid"",""mobile"",""question"",""regression"",""security"",""translation"",""ui"",""wontfix""]",[]
6632259,restify/node-restify,false,1726,76,master,12,189,MIT License,243,10656,1027,4365,2011-04-25T09:19:26,2023-08-11T12:57:16,2023-08-09T03:47:43,http://restify.com,JavaScript,1102,93,859,18,5273,22975,5185,"[{""language"":""Lisp"",""commentLines"":0,""codeLines"":6,""blankLines"":0},{""language"":""JSON"",""commentLines"":0,""codeLines"":229,""blankLines"":0},{""language"":""make"",""commentLines"":24,""codeLines"":36,""blankLines"":13},{""language"":""JavaScript"",""commentLines"":5160,""codeLines"":16490,""blankLines"":3136},{""language"":""YAML"",""commentLines"":0,""codeLines"":144,""blankLines"":0},{""language"":""Markdown"",""commentLines"":0,""codeLines"":6024,""blankLines"":2116},{""language"":""HTML"",""commentLines"":0,""codeLines"":24,""blankLines"":0},{""language"":""DTrace"",""commentLines"":1,""codeLines"":22,""blankLines"":8}]",2023-08-11T12:56:22,9f1d249c3fd023b05ac15c02352ec937ff7d1299,,,"{""JavaScript"":695772,""Makefile"":11283,""HTML"":687,""Emacs Lisp"":179}","[""autorelease: pending"",""autorelease: tagged"",""bug"",""critical"",""dependencies"",""do not merge"",""docs"",""feature"",""feature freeze"",""good first issue"",""greenkeeper"",""help wanted"",""needs discussion"",""needs review"",""needs tests"",""open pr"",""question"",""serve"",""stale"",""unconfirmed"",""v9"",""waiting on response""]","[""rest-api"",""restify"",""server""]"
6637448,plepe/openstreetbrowser,false,1251,82,master,0,28,GNU General Public License v3.0,11,79,20,7225,2010-11-06T05:08:47,2023-10-30T03:00:10,2023-11-18T09:16:58,http://www.openstreetbrowser.org,JavaScript,114,35,60,0,1536,20191,124,"[{""language"":""Markdown"",""commentLines"":0,""codeLines"":622,""blankLines"":84},{""language"":""CSS"",""commentLines"":8,""codeLines"":923,""blankLines"":45},{""language"":""JavaScript"",""commentLines"":96,""codeLines"":5274,""blankLines"":1172},{""language"":""PHP"",""commentLines"":11,""codeLines"":1105,""blankLines"":223},{""language"":""SQL"",""commentLines"":0,""codeLines"":11,""blankLines"":1},{""language"":""JSON"",""commentLines"":0,""codeLines"":11348,""blankLines"":0},{""language"":""Bourne Shell"",""commentLines"":0,""codeLines"":5,""blankLines"":2},{""language"":""SVG"",""commentLines"":9,""codeLines"":903,""blankLines"":9}]",2023-10-29T05:20:29,167cfd9210cd102d06fdd5ad25559dbf14d2333f,,,"{""JavaScript"":173613,""PHP"":38603,""CSS"":18060,""Shell"":477}","[""bug report"",""dependencies"",""documentation missing/bad"",""feature request"",""good first issue"",""help request"",""won't fix""]",[]
6653996,tastejs/todomvc,false,2906,9,master,5,293,Other,1138,28302,13934,73248,2011-06-03T07:56:33,2023-09-11T08:12:41,2023-09-11T08:12:52,http://todomvc.com,JavaScript,765,135,1312,60,109520,1246336,349393,"[{""language"":""TypeScript"",""commentLines"":56013,""codeLines"":120790,""blankLines"":15218},{""language"":""Less"",""commentLines"":1505,""codeLines"":5298,""blankLines"":1154},{""language"":""OCaml"",""commentLines"":17,""codeLines"":403,""blankLines"":57},{""language"":""JSX"",""commentLines"":98,""codeLines"":868,""blankLines"":131},{""language"":""Handlebars"",""commentLines"":0,""codeLines"":98,""blankLines"":4},{""language"":""XML"",""commentLines"":6,""codeLines"":391,""blankLines"":11},{""language"":""Markdown"",""commentLines"":0,""codeLines"":16233,""blankLines"":7241},{""language"":""Clojure"",""commentLines"":0,""codeLines"":16,""blankLines"":5},{""language"":""YAML"",""commentLines"":68,""codeLines"":1817,""blankLines"":47},{""language"":""Diff"",""commentLines"":13,""codeLines"":588,""blankLines"":3},{""language"":""Dart"",""commentLines"":4,""codeLines"":153,""blankLines"":44},{""language"":""JSON"",""commentLines"":0,""codeLines"":76108,""blankLines"":64},{""language"":""Kotlin"",""commentLines"":0,""codeLines"":577,""blankLines"":138},{""language"":""Java"",""commentLines"":213,""codeLines"":586,""blankLines"":183},{""language"":""Scala"",""commentLines"":66,""codeLines"":555,""blankLines"":113},{""language"":""CoffeeScript"",""commentLines"":0,""codeLines"":5,""blankLines"":1},{""language"":""ClojureScript"",""commentLines"":3,""codeLines"":252,""blankLines"":50},{""language"":""JavaScript"",""commentLines"":289257,""codeLines"":980014,""blankLines"":81086},{""language"":""Bourne Shell"",""commentLines"":3,""codeLines"":72,""blankLines"":15},{""language"":""Elm"",""commentLines"":23,""codeLines"":328,""blankLines"":83},{""language"":""make"",""commentLines"":6,""codeLines"":14,""blankLines"":10},{""language"":""SVG"",""commentLines"":6,""codeLines"":388,""blankLines"":0},{""language"":""HTML"",""commentLines"":1983,""codeLines"":30953,""blankLines"":3314},{""language"":""CSS"",""commentLines"":100,""codeLines"":9697,""blankLines"":532},{""language"":""Maven"",""commentLines"":9,""codeLines"":132,""blankLines"":16}]",2023-09-11T08:12:41,636cac99fd12c5cb43bd6adf33808e4e90761697,,,"{""JavaScript"":140917,""HTML"":26828,""CSS"":5664,""Shell"":1552}","[""agilityjs"",""angularjs_perf"",""angularjs_require"",""app update"",""ariatemplates"",""atmajs"",""backbone"",""backbone_marionette"",""backbone_marionette_require"",""backbone_require"",""batman"",""browser-tests"",""bug"",""chaplin-brunch"",""closure"",""componentjs"",""derby"",""dermis"",""dijon"",""discussion"",""dojo"",""duel"",""durandal"",""emberjs"",""enyo_backbone"",""epitome"",""exoskeleton"",""extjs_deftjs"",""failing-tests"",""feature request"",""first time contributor"",""flight"",""gwt"",""help wanted"",""invalid"",""jquery"",""kendo"",""knockback"",""knockoutjs"",""knockoutjs_require"",""lavaca_require"",""maria"",""needs-review"",""new app"",""olives"",""plastronjs"",""polymer"",""puremvc"",""rappidjs"",""react"",""review"",""sammyjs"",""serenadejs"",""site"",""soma"",""somajs_require"",""spec update"",""spine"",""stapes"",""stapes_require"",""test-suite"",""thorax"",""thorax_lumber"",""troopjs_require"",""typescript-angular"",""typescript-backbone"",""wiki"",""wishlist"",""yui""]",[]
6654196,svgdotjs/svg.js,false,1501,4,master,33,73,Other,272,10498,1089,11741,2012-12-15T10:26:54,2023-09-08T07:23:09,2023-09-08T04:36:45,https://svgjs.dev,JavaScript,1055,5,255,0,4070,35094,1460,"[{""language"":""SVG"",""commentLines"":0,""codeLines"":29,""blankLines"":0},{""language"":""HTML"",""commentLines"":9,""codeLines"":194,""blankLines"":22},{""language"":""CSS"",""commentLines"":0,""codeLines"":65,""blankLines"":10},{""language"":""TypeScript"",""commentLines"":185,""codeLines"":1512,""blankLines"":196},{""language"":""JavaScript"",""commentLines"":1265,""codeLines"":18186,""blankLines"":3457},{""language"":""Markdown"",""commentLines"":0,""codeLines"":826,""blankLines"":384},{""language"":""YAML"",""commentLines"":1,""codeLines"":15,""blankLines"":1},{""language"":""JSON"",""commentLines"":0,""codeLines"":14267,""blankLines"":0}]",2023-09-08T07:22:52,3b47e461f0773e619619f1bc838234fdd9920d90,,,"{""JavaScript"":660943,""HTML"":6989,""CSS"":2721}","[""bounty"",""bug"",""dependencies"",""documentation"",""duplicate"",""enhancement"",""good first issue"",""hacktoberfest"",""help wanted"",""invalid"",""proposal"",""question"",""reference"",""typescript"",""up to discussion"",""v2.x"",""wontfix""]","[""animation"",""javascript"",""svg"",""svgjs""]"
6676602,philc/vimium,false,4789,1,master,0,138,MIT License,293,20750,2411,6266,2009-09-20T07:08:19,2023-09-12T01:27:23,2023-09-12T09:09:40,https://chrome.google.com/webstore/detail/vimium/dbepggeogbaibhgnhhndojpepiihcmeb,JavaScript,3243,1068,1040,31,2181,14890,2266,"[{""language"":""CSS"",""commentLines"":59,""codeLines"":892,""blankLines"":112},{""language"":""HTML"",""commentLines"":30,""codeLines"":1198,""blankLines"":99},{""language"":""JavaScript"",""commentLines"":2177,""codeLines"":12053,""blankLines"":1746},{""language"":""Markdown"",""commentLines"":0,""codeLines"":637,""blankLines"":224},{""language"":""JSON"",""commentLines"":0,""codeLines"":110,""blankLines"":0}]",2023-09-12T01:27:06,06a2ceda88c1f557ab3062397ea158460224788f,,,"{""JavaScript"":537810,""HTML"":46316,""CSS"":22747,""TypeScript"":9607}","[""chrome bug"",""closing-assume-resolved"",""closing-fixed"",""closing-lack-of-interest"",""closing-no-chrome-api"",""closing-out-of-date"",""dev-ux"",""firefox"",""help-wanted"",""low-priority"",""next-next-version"",""next-version"",""niche"",""release-blocker"",""suggestions"",""verified"",""waiting"",""won't-fix""]",[]
6684408,jsbin/jsbin,false,6121,76,master,0,139,MIT License,149,4343,1296,40521,2009-10-02T04:49:08,2023-08-18T01:11:01,2023-08-13T04:39:37,http://jsbin.com,JavaScript,2513,46,983,20,45226,472138,53504,"[{""language"":""Lisp"",""commentLines"":42,""codeLines"":548,""blankLines"":91},{""language"":""SQL"",""commentLines"":48,""codeLines"":346,""blankLines"":34},{""language"":""YAML"",""commentLines"":6,""codeLines"":42,""blankLines"":3},{""language"":""JSON"",""commentLines"":0,""codeLines"":13586,""blankLines"":1},{""language"":""Markdown"",""commentLines"":0,""codeLines"":1739,""blankLines"":715},{""language"":""make"",""commentLines"":0,""codeLines"":3,""blankLines"":1},{""language"":""JavaScript"",""commentLines"":51780,""codeLines"":382431,""blankLines"":33334},{""language"":""Handlebars"",""commentLines"":2,""codeLines"":16,""blankLines"":5},{""language"":""SVG"",""commentLines"":6,""codeLines"":2136,""blankLines"":5},{""language"":""Bourne Shell"",""commentLines"":1,""codeLines"":5,""blankLines"":0},{""language"":""Sass"",""commentLines"":2,""codeLines"":545,""blankLines"":70},{""language"":""XML"",""commentLines"":0,""codeLines"":68,""blankLines"":0},{""language"":""CSS"",""commentLines"":1499,""codeLines"":15486,""blankLines"":2719},{""language"":""HTML"",""commentLines"":118,""codeLines"":55187,""blankLines"":8248}]",2023-08-18T01:10:59,108e15e15350a294cee957cd9f928372a1fe79ce,,,"{""JavaScript"":986717,""CSS"":322994,""HTML"":163882,""Handlebars"":441}","[""(universal) accessibility"",""awaiting changes"",""awesome?thank you"",""bug - confirmed"",""bug - pending confirmation"",""effort:complex"",""effort:high"",""effort:low"",""effort:medium"",""enquiry"",""feature accepted"",""feature request"",""help wanted"",""idea"",""in progress"",""needs more information"",""needs work"",""not a bug"",""platform:windows"",""pr submitted"",""proposal"",""ready"",""refactor"",""stale"",""type:assets"",""type:console"",""type:install"",""type:library"",""type:loop-protect"",""type:preprocessor"",""type:rendercode"",""type:runner"",""unknown"",""usability"",""works in v5""]",[]
6696737,jogetworkflow/jw-community,false,5786,10,8.0-SNAPSHOT,0,18,,59,454,193,217885,2011-07-01T08:22:27,2023-11-02T09:12:29,2023-10-26T02:41:20,https://www.joget.org,JavaScript,29,5,75,4,135047,971815,126128,"[{""language"":""SVG"",""commentLines"":62,""codeLines"":20667,""blankLines"":646},{""language"":""Sass"",""commentLines"":10,""codeLines"":3065,""blankLines"":39},{""language"":""XML"",""commentLines"":265,""codeLines"":3032,""blankLines"":249},{""language"":""JavaScript"",""commentLines"":98298,""codeLines"":692625,""blankLines"":98860},{""language"":""INI"",""commentLines"":0,""codeLines"":7,""blankLines"":0},{""language"":""DOS Batch"",""commentLines"":6,""codeLines"":48,""blankLines"":20},{""language"":""Java"",""commentLines"":18343,""codeLines"":94379,""blankLines"":17638},{""language"":""Freemarker Template"",""commentLines"":0,""codeLines"":1666,""blankLines"":94},{""language"":""Ant"",""commentLines"":6,""codeLines"":54,""blankLines"":9},{""language"":""Markdown"",""commentLines"":0,""codeLines"":3075,""blankLines"":597},{""language"":""JSP"",""commentLines"":59,""codeLines"":13060,""blankLines"":1125},{""language"":""JSON"",""commentLines"":0,""codeLines"":20298,""blankLines"":66},{""language"":""TypeScript"",""commentLines"":0,""codeLines"":3206,""blankLines"":0},{""language"":""Bourne Shell"",""commentLines"":1,""codeLines"":19,""blankLines"":6},{""language"":""Less"",""commentLines"":3,""codeLines"":3342,""blankLines"":19},{""language"":""HTML"",""commentLines"":16,""codeLines"":42,""blankLines"":7},{""language"":""Maven"",""commentLines"":13,""codeLines"":1934,""blankLines"":18},{""language"":""CSS"",""commentLines"":1557,""codeLines"":92440,""blankLines"":10824},{""language"":""SQL"",""commentLines"":7489,""codeLines"":18856,""blankLines"":4830}]",2023-09-27T07:25:55,9ba6f61880ebc9cc2bfb000ab0698e2cf1a45a7a,,,"{""JavaScript"":32844558,""Java"":6113125,""CSS"":1649504,""SCSS"":145744,""Less"":112546,""FreeMarker"":89319,""NSIS"":14074,""HTML"":2228,""Batchfile"":2009,""Shell"":749}","[""dependencies""]","[""css"",""hibernate"",""java"",""javascript"",""low-code"",""no-code"",""spring""]"
6726011,prey/prey-node-client,false,5247,440,master,104,14,GNU General Public License v3.0,41,325,80,120478,2012-03-16T09:09:27,2023-09-07T01:42:46,2023-08-07T11:39:06,http://preyproject.com,JavaScript,276,32,596,6,8633,59398,3422,"[{""language"":""Visual Basic Script"",""commentLines"":2,""codeLines"":26,""blankLines"":4},{""language"":""XML"",""commentLines"":0,""codeLines"":631,""blankLines"":0},{""language"":""JavaScript"",""commentLines"":2932,""codeLines"":27419,""blankLines"":7003},{""language"":""YAML"",""commentLines"":1,""codeLines"":30,""blankLines"":5},{""language"":""Markdown"",""commentLines"":0,""codeLines"":728,""blankLines"":420},{""language"":""Bourne Shell"",""commentLines"":167,""codeLines"":840,""blankLines"":272},{""language"":""SVG"",""commentLines"":0,""codeLines"":10987,""blankLines"":0},{""language"":""Glade"",""commentLines"":2,""codeLines"":743,""blankLines"":0},{""language"":""Bourne Again Shell"",""commentLines"":2,""codeLines"":15,""blankLines"":4},{""language"":""Python"",""commentLines"":254,""codeLines"":1715,""blankLines"":504},{""language"":""CSS"",""commentLines"":50,""codeLines"":456,""blankLines"":95},{""language"":""HTML"",""commentLines"":12,""codeLines"":283,""blankLines"":289},{""language"":""DOS Batch"",""commentLines"":0,""codeLines"":14,""blankLines"":3},{""language"":""JSON"",""commentLines"":0,""codeLines"":15374,""blankLines"":0},{""language"":""TypeScript"",""commentLines"":0,""codeLines"":128,""blankLines"":34},{""language"":""PowerShell"",""commentLines"":0,""codeLines"":9,""blankLines"":0}]",2023-09-06T06:38:41,79b5ff8babe26fef9bbb17ab96447ba55c9d1cf2,,,"{""JavaScript"":1059716,""Python"":59990,""Shell"":57246,""VBScript"":1413,""PowerShell"":544,""Batchfile"":320}","[""bug"",""dependencies"",""duplicate"",""enhancement"",""invalid"",""priority: critical"",""priority: high"",""priority: medium"",""priority: normal"",""qa"",""question"",""stale branch ??"",""unconfirmed"",""wontfix""]",[]
6768266,recurly/recurly-js,false,1726,12,master,110,60,MIT License,95,651,141,18947,2011-07-18T08:52:44,2023-09-07T11:13:23,2023-09-08T10:51:42,https://js.recurly.com/,JavaScript,309,8,540,3,4629,45670,4071,"[{""language"":""Markdown"",""commentLines"":0,""codeLines"":932,""blankLines"":782},{""language"":""CSS"",""commentLines"":0,""codeLines"":30,""blankLines"":4},{""language"":""EJS"",""commentLines"":0,""codeLines"":207,""blankLines"":22},{""language"":""TypeScript"",""commentLines"":1099,""codeLines"":1609,""blankLines"":399},{""language"":""JavaScript"",""commentLines"":2960,""codeLines"":20689,""blankLines"":3391},{""language"":""make"",""commentLines"":0,""codeLines"":60,""blankLines"":7},{""language"":""Bourne Again Shell"",""commentLines"":11,""codeLines"":44,""blankLines"":13},{""language"":""Dockerfile"",""commentLines"":0,""codeLines"":20,""blankLines"":3},{""language"":""YAML"",""commentLines"":1,""codeLines"":227,""blankLines"":8},{""language"":""JSON"",""commentLines"":0,""codeLines"":21852,""blankLines"":0}]",2023-09-07T11:13:21,d5e1134bb05c08a53400e599eddccb1bb42e837c,,,"{""JavaScript"":867173,""TypeScript"":20267,""EJS"":7360,""Makefile"":1896,""Shell"":1541,""CSS"":628,""Dockerfile"":466}","[""bug"",""bug?"",""changelog"",""dependency"",""documentation"",""enhancement"",""in progress"",""internal"",""new feature"",""question"",""tests & build"",""types""]","[""payments"",""recurly""]"
6790768,acornjs/acorn,false,1415,7,master,0,113,,173,9671,903,6260,2012-09-24T10:05:00,2023-09-04T02:16:30,2023-09-05T02:35:40,,JavaScript,743,27,469,2,19703,132836,47538,"[{""language"":""HTML"",""commentLines"":0,""codeLines"":140,""blankLines"":36},{""language"":""YAML"",""commentLines"":0,""codeLines"":14,""blankLines"":0},{""language"":""Markdown"",""commentLines"":0,""codeLines"":1011,""blankLines"":698},{""language"":""TypeScript"",""commentLines"":9,""codeLines"":343,""blankLines"":54},{""language"":""JavaScript"",""commentLines"":47529,""codeLines"":131075,""blankLines"":18915},{""language"":""JSON"",""commentLines"":0,""codeLines"":235,""blankLines"":0},{""language"":""SVG"",""commentLines"":0,""codeLines"":15,""blankLines"":0},{""language"":""Bourne Shell"",""commentLines"":0,""codeLines"":3,""blankLines"":0}]",2023-09-04T02:16:23,7fb1ee766f4169eed10ae6db4db7ddbdd54a598a,,,"{""JavaScript"":3801074,""HTML"":4191,""Shell"":136}","[""bug"",""duplicate"",""enhancement"",""invalid"",""question"",""spam"",""wontfix""]",[]
6805177,browserify/browserify,false,2291,22,master,14,173,MIT License,287,14464,1259,2495,2010-09-22T04:11:32,2023-10-21T07:13:16,2023-12-16T07:35:50,http://browserify.org/,JavaScript,1509,360,543,34,1713,7462,115,"[{""language"":""YAML"",""commentLines"":9,""codeLines"":49,""blankLines"":4},{""language"":""Markdown"",""commentLines"":0,""codeLines"":1450,""blankLines"":873},{""language"":""CoffeeScript"",""commentLines"":0,""codeLines"":5,""blankLines"":0},{""language"":""HTML"",""commentLines"":0,""codeLines"":15,""blankLines"":0},{""language"":""JavaScript"",""commentLines"":106,""codeLines"":5656,""blankLines"":835},{""language"":""JSON"",""commentLines"":0,""codeLines"":280,""blankLines"":0},{""language"":""Bourne Shell"",""commentLines"":0,""codeLines"":7,""blankLines"":1}]",2023-10-21T07:13:09,4b1a5dc0db56263b38dc98e155fb1908e810c1a9,,,"{""JavaScript"":179123,""HTML"":340,""Shell"":303,""CoffeeScript"":112}","[""bug"",""documentation"",""feature-request"",""patch-welcome"",""path-matching"",""repro-please"",""support"",""windows""]","[""browser"",""bundler"",""commonjs"",""javascript"",""module-bundler"",""modules""]"
6822336,totaljs/framework,false,5312,24,master,56,31,Other,219,4318,467,19314,2012-12-16T01:12:02,2023-08-30T10:35:52,2023-08-30T03:21:44,http://www.totaljs.com,JavaScript,631,1,165,0,10864,44997,4035,"[{""language"":""Markdown"",""commentLines"":0,""codeLines"":92,""blankLines"":18},{""language"":""HTML"",""commentLines"":1,""codeLines"":397,""blankLines"":48},{""language"":""CSS"",""commentLines"":0,""codeLines"":1,""blankLines"":0},{""language"":""YAML"",""commentLines"":1,""codeLines"":15,""blankLines"":1},{""language"":""JavaScript"",""commentLines"":4033,""codeLines"":44398,""blankLines"":10792},{""language"":""JSON"",""commentLines"":0,""codeLines"":75,""blankLines"":0},{""language"":""Bourne Shell"",""commentLines"":0,""codeLines"":19,""blankLines"":5}]",2023-08-30T10:35:49,11c7fe4b9aa8a4517e4f1b8c6969fe4d2669a721,,,"{""JavaScript"":1521624,""HTML"":10140,""Shell"":395,""CSS"":33}","[""bug"",""builders"",""duplicate"",""enhancement"",""example"",""framework"",""image"",""internal"",""invalid"",""mail"",""marketing"",""nosql"",""not possible"",""question"",""utils"",""waiting for more info"",""websocket"",""wontfix""]","[""framework"",""javascript"",""node"",""quality"",""web"",""websocket""]"
6832324,biwascheme/biwascheme,false,1259,7,main,12,38,MIT License,39,705,128,7652,2011-08-08T02:40:34,2023-08-07T09:31:50,2023-08-07T06:50:46,http://www.biwascheme.org/,JavaScript,189,36,121,1,29042,233202,44737,"[{""language"":""Ruby"",""commentLines"":1,""codeLines"":5,""blankLines"":1},{""language"":""JSON"",""commentLines"":0,""codeLines"":4984,""blankLines"":0},{""language"":""JavaScript"",""commentLines"":44444,""codeLines"":220090,""blankLines"":27726},{""language"":""CSS"",""commentLines"":64,""codeLines"":785,""blankLines"":124},{""language"":""make"",""commentLines"":6,""codeLines"":14,""blankLines"":7},{""language"":""Scheme"",""commentLines"":153,""codeLines"":899,""blankLines"":198},{""language"":""HTML"",""commentLines"":68,""codeLines"":4346,""blankLines"":338},{""language"":""YAML"",""commentLines"":1,""codeLines"":2,""blankLines"":0},{""language"":""Markdown"",""commentLines"":0,""codeLines"":2060,""blankLines"":648},{""language"":""Bourne Shell"",""commentLines"":0,""codeLines"":2,""blankLines"":0},{""language"":""SVG"",""commentLines"":0,""codeLines"":15,""blankLines"":0}]",2023-08-07T09:31:50,1e9ea92bfd62bd5e6fe8dfc20d6bc4e1df39224a,,,"{""JavaScript"":4394596,""Scheme"":35223,""HTML"":15010,""CSS"":11429,""Makefile"":660,""Ruby"":182}","[""announce"",""bug"",""conformance"",""dependencies"",""error check"",""feature"",""good first issue"",""platform:browser"",""platform:node"",""quasiquote"",""question"",""refactor""]","[""javascript"",""r6rs"",""r7rs"",""scheme"",""tuplespace""]"
6859532,nightwatchjs/nightwatch,false,2707,12,main,227,117,MIT License,256,11432,1144,54166,2012-03-17T09:28:18,2023-09-08T10:53:16,2023-09-08T04:32:38,https://nightwatchjs.org,JavaScript,2698,204,943,26,18220,120887,16667,"[{""language"":""Bourne Shell"",""commentLines"":0,""codeLines"":3,""blankLines"":1},{""language"":""TypeScript"",""commentLines"":6641,""codeLines"":7287,""blankLines"":1515},{""language"":""JavaScript"",""commentLines"":10001,""codeLines"":94638,""blankLines"":16326},{""language"":""YAML"",""commentLines"":23,""codeLines"":945,""blankLines"":86},{""language"":""JSON"",""commentLines"":0,""codeLines"":17016,""blankLines"":62},{""language"":""Markdown"",""commentLines"":0,""codeLines"":361,""blankLines"":161},{""language"":""EJS"",""commentLines"":0,""codeLines"":369,""blankLines"":37},{""language"":""Vuejs Component"",""commentLines"":0,""codeLines"":65,""blankLines"":5},{""language"":""JSX"",""commentLines"":2,""codeLines"":85,""blankLines"":15},{""language"":""HTML"",""commentLines"":0,""codeLines"":87,""blankLines"":7},{""language"":""Cucumber"",""commentLines"":0,""codeLines"":31,""blankLines"":5}]",2023-09-05T11:21:32,17a5d7b675489c42fdfcd22c217a8eaa4e50af33,,,"{""JavaScript"":4044429,""TypeScript"":156004,""EJS"":13338,""Gherkin"":2090,""Vue"":1502,""Shell"":58}","[""api docs"",""appium"",""bug"",""chore"",""ci-integrations"",""cloud-providers"",""complexity: high"",""complexity: low"",""complexity: medium"",""component-testing"",""cucumber"",""debugging"",""dependencies"",""dont-merge"",""duplicate"",""enhancement"",""epic"",""good first issue"",""greenkeeper"",""help wanted"",""html-reporter"",""invalid"",""linux"",""meta"",""migrations"",""mobile"",""mocha"",""needs more info"",""nightwatch-inspector"",""nightwatch-test-runner"",""p0"",""p1"",""p2"",""p3"",""page objects"",""pr open"",""programatic-api"",""question"",""regression"",""reporters"",""selenium issue"",""stale"",""support"",""typescript"",""typescript-types-declaration"",""v0.9"",""v2"",""v3"",""visual-regression-testing"",""website"",""windows"",""wontfix""]","[""automated-testing"",""chromedriver"",""end-to-end-testing"",""javascript"",""nightwatch"",""nightwatchjs"",""nodejs"",""selenium"",""selenium-server"",""selenium-webdriver"",""testing"",""w3c-webdriver"",""webdriver""]"
6863440,umbraco/ourumbraco,false,3709,23,main,0,102,MIT License,36,91,161,85631,2012-12-18T07:14:59,2023-08-01T11:19:56,2023-04-20T09:01:17,,JavaScript,214,15,590,29,91675,637164,103805,"[{""language"":""SVG"",""commentLines"":20,""codeLines"":12623,""blankLines"":6},{""language"":""CSS"",""commentLines"":1193,""codeLines"":33288,""blankLines"":6370},{""language"":""HTML"",""commentLines"":1145,""codeLines"":44586,""blankLines"":8411},{""language"":""Less"",""commentLines"":1048,""codeLines"":4981,""blankLines"":1011},{""language"":""C# Designer"",""commentLines"":684,""codeLines"":132,""blankLines"":120},{""language"":""DOS Batch"",""commentLines"":3,""codeLines"":56,""blankLines"":11},{""language"":""JSON"",""commentLines"":0,""codeLines"":45906,""blankLines"":0},{""language"":""Markdown"",""commentLines"":0,""codeLines"":2945,""blankLines"":1060},{""language"":""YAML"",""commentLines"":0,""codeLines"":5,""blankLines"":0},{""language"":""XML"",""commentLines"":593,""codeLines"":36229,""blankLines"":1785},{""language"":""JavaScript"",""commentLines"":94369,""codeLines"":380578,""blankLines"":58524},{""language"":""MSBuild script"",""commentLines"":13,""codeLines"":5833,""blankLines"":1},{""language"":""XSLT"",""commentLines"":440,""codeLines"":7913,""blankLines"":1943},{""language"":""Visual Studio Solution"",""commentLines"":1,""codeLines"":96,""blankLines"":1},{""language"":""Razor"",""commentLines"":881,""codeLines"":13943,""blankLines"":2054},{""language"":""ASP"",""commentLines"":0,""codeLines"":5,""blankLines"":0},{""language"":""Sass"",""commentLines"":125,""codeLines"":12383,""blankLines"":2661},{""language"":""ASP.NET"",""commentLines"":76,""codeLines"":6858,""blankLines"":1414},{""language"":""DTD"",""commentLines"":1,""codeLines"":38,""blankLines"":0},{""language"":""SQL"",""commentLines"":21,""codeLines"":205,""blankLines"":14},{""language"":""C#"",""commentLines"":3192,""codeLines"":28561,""blankLines"":6289}]",2023-08-01T11:19:56,d9e4a4d4fe1871c1b21063fb7946459bc7281be4,,,"{""JavaScript"":8405637,""HTML"":2727512,""C#"":1355632,""CSS"":689236,""XSLT"":415258,""ASP.NET"":375597,""SCSS"":247738,""Less"":174606,""TSQL"":11608,""Smalltalk"":9952,""Batchfile"":2943}","["".net"",""category/packages"",""category/ux"",""community/pr"",""community/review"",""community/up-for-grabs"",""dependencies"",""hacktoberfest-accepted"",""hacktoberfest/contrib-2019"",""hacktoberfest/contrib-2020"",""hacktoberfest/contrib-2021"",""javascript"",""release/no-notes"",""state/in-sprint"",""state/needs-investigation"",""state/needs-more-info"",""state/needs-reproduction"",""state/sprint-candidate"",""status/idea"",""status/needs-docs"",""status/regression"",""status/stale"",""type/bug"",""type/feature""]",[]
6870859,ankitrohatgi/webplotdigitizer,false,1060,2,master,16,11,GNU Affero General Public License v3.0,71,2329,316,51321,2010-09-25T04:20:49,2023-11-05T07:06:19,2023-12-16T02:42:41,https://automeris.io/WebPlotDigitizer,JavaScript,257,87,52,0,7771,25470,11128,"[{""language"":""Python"",""commentLines"":2,""codeLines"":36,""blankLines"":12},{""language"":""CSS"",""commentLines"":34,""codeLines"":425,""blankLines"":95},{""language"":""HTML"",""commentLines"":95,""codeLines"":1279,""blankLines"":91},{""language"":""SVG"",""commentLines"":8,""codeLines"":3165,""blankLines"":8},{""language"":""PO File"",""commentLines"":7708,""codeLines"":4351,""blankLines"":4194},{""language"":""Bourne Shell"",""commentLines"":35,""codeLines"":132,""blankLines"":48},{""language"":""Markdown"",""commentLines"":0,""codeLines"":350,""blankLines"":181},{""language"":""JavaScript"",""commentLines"":2114,""codeLines"":14960,""blankLines"":2977},{""language"":""TeX"",""commentLines"":1,""codeLines"":404,""blankLines"":95},{""language"":""Dockerfile"",""commentLines"":6,""codeLines"":28,""blankLines"":8},{""language"":""Jupyter Notebook"",""commentLines"":1026,""codeLines"":98,""blankLines"":0},{""language"":""JSON"",""commentLines"":0,""codeLines"":61,""blankLines"":0},{""language"":""Go"",""commentLines"":99,""codeLines"":181,""blankLines"":62}]",2023-11-05T07:06:09,2640a8c3c4193f2a3467d039f268f834fbc6bef5,,,"{""JavaScript"":698765,""Jupyter Notebook"":129722,""HTML"":84978,""CSS"":9296,""Go"":9245,""Shell"":6924,""Dockerfile"":1428,""Python"":1402}","[""status: need more info"",""type: bug"",""type: contribution"",""type: feature request"",""type: long term goals"",""type: support""]","[""data-mining"",""html"",""javascript"",""reverse-engineering"",""visualization"",""webplotdigitizer""]"
6872232,square/connect-api-examples,false,1059,85,master,0,50,,46,359,788,41260,2012-11-27T08:26:29,2023-08-01T11:32:33,2023-08-07T10:36:07,https://developer.squareup.com/docs/sample-apps,JavaScript,66,24,355,53,4682,52239,6142,"[{""language"":""Text"",""commentLines"":0,""codeLines"":18,""blankLines"":0},{""language"":""Python"",""commentLines"":503,""codeLines"":536,""blankLines"":206},{""language"":""CSS"",""commentLines"":583,""codeLines"":3246,""blankLines"":758},{""language"":""HTML"",""commentLines"":12,""codeLines"":420,""blankLines"":34},{""language"":""EJS"",""commentLines"":0,""codeLines"":1404,""blankLines"":119},{""language"":""Maven"",""commentLines"":14,""codeLines"":276,""blankLines"":31},{""language"":""C#"",""commentLines"":28,""codeLines"":350,""blankLines"":63},{""language"":""Bourne Shell"",""commentLines"":0,""codeLines"":4,""blankLines"":0},{""language"":""Visual Studio Solution"",""commentLines"":2,""codeLines"":34,""blankLines"":2},{""language"":""Razor"",""commentLines"":3,""codeLines"":167,""blankLines"":8},{""language"":""SVG"",""commentLines"":0,""codeLines"":109,""blankLines"":0},{""language"":""MSBuild script"",""commentLines"":0,""codeLines"":91,""blankLines"":0},{""language"":""Markdown"",""commentLines"":0,""codeLines"":2710,""blankLines"":1143},{""language"":""YAML"",""commentLines"":80,""codeLines"":115,""blankLines"":28},{""language"":""PHP"",""commentLines"":285,""codeLines"":801,""blankLines"":201},{""language"":""JavaScript"",""commentLines"":2288,""codeLines"":5070,""blankLines"":835},{""language"":""Properties"",""commentLines"":0,""codeLines"":5,""blankLines"":3},{""language"":""ERB"",""commentLines"":0,""codeLines"":163,""blankLines"":9},{""language"":""Pug"",""commentLines"":304,""codeLines"":733,""blankLines"":140},{""language"":""Java"",""commentLines"":1445,""codeLines"":3411,""blankLines"":744},{""language"":""JSON"",""commentLines"":0,""codeLines"":31655,""blankLines"":1},{""language"":""Dockerfile"",""commentLines"":0,""codeLines"":14,""blankLines"":2},{""language"":""Ruby"",""commentLines"":595,""codeLines"":907,""blankLines"":355}]",2023-07-24T05:40:07,ae6dda45c55d8261b7689fbadd609b84e2b652d0,,,"{""JavaScript"":306990,""Java"":208092,""CSS"":86014,""Ruby"":69798,""Pug"":55950,""EJS"":51715,""Python"":45745,""PHP"":41939,""HTML"":25968,""C#"":13821,""Hack"":1343,""Dockerfile"":423,""Procfile"":130,""Shell"":70}","["".net"",""bug"",""dependencies"",""duplicate"",""enhancement"",""invalid"",""java"",""javascript"",""node.js"",""php"",""python"",""question"",""ruby"",""wontfix""]",[]
6884998,wirecloud/wirecloud,false,8989,26,develop,17,20,Other,14,58,46,133890,2011-07-22T06:19:08,2023-12-01T03:27:00,2023-10-23T06:29:43,https://wirecloud.rtfd.io/,JavaScript,227,37,307,18,44888,183279,25627,"[{""language"":""XHTML"",""commentLines"":0,""codeLines"":2,""blankLines"":0},{""language"":""SVG"",""commentLines"":12,""codeLines"":11701,""blankLines"":0},{""language"":""Sass"",""commentLines"":1075,""codeLines"":7689,""blankLines"":1648},{""language"":""JSON"",""commentLines"":0,""codeLines"":17193,""blankLines"":3},{""language"":""PO File"",""commentLines"":2121,""codeLines"":4864,""blankLines"":1676},{""language"":""Dockerfile"",""commentLines"":2,""codeLines"":37,""blankLines"":11},{""language"":""XML"",""commentLines"":18,""codeLines"":7477,""blankLines"":297},{""language"":""HTML"",""commentLines"":405,""codeLines"":12639,""blankLines"":4938},{""language"":""Python"",""commentLines"":4617,""codeLines"":33388,""blankLines"":11455},{""language"":""CSS"",""commentLines"":62,""codeLines"":1606,""blankLines"":269},{""language"":""YAML"",""commentLines"":17,""codeLines"":324,""blankLines"":47},{""language"":""Markdown"",""commentLines"":0,""codeLines"":17974,""blankLines"":7581},{""language"":""Bourne Shell"",""commentLines"":3,""codeLines"":32,""blankLines"":4},{""language"":""JavaScript"",""commentLines"":17292,""codeLines"":67301,""blankLines"":16916},{""language"":""XSD"",""commentLines"":3,""codeLines"":1052,""blankLines"":43}]",2023-11-08T08:36:27,d828bafaa0a77618725ba5907b58cfb454a9c1a3,,,"{""JavaScript"":3776601,""Python"":2043083,""SCSS"":285746,""HTML"":68713,""API Blueprint"":65419,""CSS"":10125,""Dockerfile"":1640,""Shell"":1290}","[""blocker"",""bug"",""confirmed"",""critical"",""dependencies"",""dimissed"",""dobut"",""feature"",""improvement"",""major"",""minor"",""refactoring"",""regression"",""trivial"",""under investigation"",""user story"",""v0.8.2"",""v0.8.4"",""v0.8.5"",""v0.9.0"",""v0.9.1"",""v0.9.2"",""v1.0.0"",""v1.0.1"",""v1.1.0"",""v1.2.0"",""v1.3.0"",""v1.4.0"",""w4t"",""workitem""]","[""fiware"",""fiware-wirecloud""]"
6889882,jashkenas/underscore,false,2833,7,master,0,261,MIT License,847,27095,5627,6802,2009-10-25T06:31:06,2023-09-27T02:01:37,2023-11-02T06:38:57,https://underscorejs.org,JavaScript,1418,30,1554,20,60318,137138,2782,"[{""language"":""JavaScript"",""commentLines"":2561,""codeLines"":12796,""blankLines"":2598},{""language"":""Markdown"",""commentLines"":0,""codeLines"":134,""blankLines"":51},{""language"":""JSON"",""commentLines"":0,""codeLines"":21518,""blankLines"":0},{""language"":""YAML"",""commentLines"":30,""codeLines"":85,""blankLines"":10},{""language"":""Diff"",""commentLines"":4,""codeLines"":5,""blankLines"":4},{""language"":""HTML"",""commentLines"":1,""codeLines"":101686,""blankLines"":57411},{""language"":""CSS"",""commentLines"":186,""codeLines"":914,""blankLines"":244}]",2023-09-27T02:01:37,0bd9b48c0ad58e55991a623477dc11fa0237ac87,,,"{""JavaScript"":359591,""HTML"":185128}","[""breaking change"",""bug"",""contrib"",""documentation"",""duplicate"",""enhancement"",""fixed"",""invalid"",""question"",""starter"",""test"",""wontfix""]",[]
6922745,rmcauley/rainwave,false,3617,7,master,0,22,GNU General Public License v2.0,16,179,37,18481,2011-04-05T09:31:44,2023-11-10T06:35:55,2023-11-08T09:49:00,http://rainwave.cc,JavaScript,45,7,123,2,10322,55980,3124,"[{""language"":""Sass"",""commentLines"":46,""codeLines"":3862,""blankLines"":737},{""language"":""XML"",""commentLines"":40,""codeLines"":329,""blankLines"":44},{""language"":""JavaScript"",""commentLines"":2400,""codeLines"":28001,""blankLines"":6155},{""language"":""SVG"",""commentLines"":5,""codeLines"":1893,""blankLines"":12},{""language"":""JSON"",""commentLines"":0,""codeLines"":3819,""blankLines"":584},{""language"":""Bourne Shell"",""commentLines"":8,""codeLines"":44,""blankLines"":5},{""language"":""Markdown"",""commentLines"":0,""codeLines"":236,""blankLines"":87},{""language"":""HTML"",""commentLines"":13,""codeLines"":1743,""blankLines"":216},{""language"":""Python"",""commentLines"":612,""codeLines"":16053,""blankLines"":2482}]",2023-11-10T04:37:55,3a0e2336fa6086cf6f9ddf9521612d7daf0b6c7f,,,"{""JavaScript"":2630981,""Python"":686734,""SCSS"":88175,""HTML"":57217,""Shell"":1714}","[""dependencies""]",[]
6939233,zotero/zotero,false,13316,7,main,0,67,Other,127,7639,626,164133,2011-10-27T07:46:48,2023-09-12T04:28:28,2023-09-13T02:01:23,https://www.zotero.org,JavaScript,2518,1061,882,99,43486,341475,37179,"[{""language"":""Diff"",""commentLines"":80,""codeLines"":116,""blankLines"":12},{""language"":""Windows Resource File"",""commentLines"":0,""codeLines"":95,""blankLines"":19},{""language"":""Windows Module Definition"",""commentLines"":0,""codeLines"":3,""blankLines"":0},{""language"":""JSON"",""commentLines"":0,""codeLines"":61077,""blankLines"":11},{""language"":""YAML"",""commentLines"":4,""codeLines"":76,""blankLines"":13},{""language"":""HTML"",""commentLines"":38,""codeLines"":847,""blankLines"":78},{""language"":""Bourne Again Shell"",""commentLines"":250,""codeLines"":1291,""blankLines"":311},{""language"":""CSS"",""commentLines"":336,""codeLines"":3908,""blankLines"":895},{""language"":""Sass"",""commentLines"":160,""codeLines"":3340,""blankLines"":718},{""language"":""DTD"",""commentLines"":266,""codeLines"":30849,""blankLines"":5302},{""language"":""XSLT"",""commentLines"":83,""codeLines"":340,""blankLines"":25},{""language"":""Markdown"",""commentLines"":0,""codeLines"":25,""blankLines"":16},{""language"":""Freemarker Template"",""commentLines"":0,""codeLines"":18219,""blankLines"":2474},{""language"":""PHP"",""commentLines"":19,""codeLines"":259,""blankLines"":56},{""language"":""C++"",""commentLines"":616,""codeLines"":10564,""blankLines"":1517},{""language"":""JSX"",""commentLines"":2020,""codeLines"":10834,""blankLines"":1767},{""language"":""SQL"",""commentLines"":103,""codeLines"":1589,""blankLines"":98},{""language"":""IDL"",""commentLines"":0,""codeLines"":461,""blankLines"":79},{""language"":""XHTML"",""commentLines"":691,""codeLines"":4944,""blankLines"":722},{""language"":""C"",""commentLines"":14,""codeLines"":78,""blankLines"":9},{""language"":""Python"",""commentLines"":200,""codeLines"":1027,""blankLines"":205},{""language"":""XML"",""commentLines"":173,""codeLines"":3133,""blankLines"":57},{""language"":""JavaScript"",""commentLines"":30853,""codeLines"":177486,""blankLines"":27071},{""language"":""SVG"",""commentLines"":31,""codeLines"":1882,""blankLines"":146},{""language"":""Bourne Shell"",""commentLines"":324,""codeLines"":1567,""blankLines"":313},{""language"":""Visual Basic Script"",""commentLines"":0,""codeLines"":44,""blankLines"":13},{""language"":""Perl"",""commentLines"":533,""codeLines"":768,""blankLines"":219},{""language"":""C/C++ Header"",""commentLines"":376,""codeLines"":6483,""blankLines"":1329},{""language"":""INI"",""commentLines"":9,""codeLines"":21,""blankLines"":4},{""language"":""make"",""commentLines"":0,""codeLines"":149,""blankLines"":7}]",2023-09-07T05:39:52,40b30f2b632d54bc31f94715d4251687af38744c,,,"{""JavaScript"":7938740,""Fluent"":556382,""C++"":498443,""HTML"":297305,""NSIS"":276495,""Shell"":120815,""CSS"":104720,""SCSS"":81053,""Python"":52793,""Perl"":51108,""C"":27688,""XSLT"":19695,""Java"":13989,""PHP"":8455,""Makefile"":3259,""VBScript"":1453}","[""accessibility"",""bug"",""data layer"",""db upgrade"",""design"",""enhancement"",""feeds"",""help welcome"",""interface"",""localization"",""note editor"",""p1"",""p2"",""p3"",""p4"",""papercuts"",""performance"",""plugins"",""reader"",""regression"",""scaffold"",""standalone"",""syncing"",""translation"",""upstream"",""word processor integration""]",[]
7472834,brownplt/pyret-lang,false,6769,92,horizon,0,44,Other,45,1037,109,486996,2012-11-15T02:28:16,2023-10-02T09:23:22,2023-12-15T06:31:10,,JavaScript,1407,450,303,35,5783,768251,5763,"[{""language"":""Lisp"",""commentLines"":345,""codeLines"":1641,""blankLines"":83},{""language"":""make"",""commentLines"":34,""codeLines"":296,""blankLines"":73},{""language"":""YAML"",""commentLines"":1,""codeLines"":21,""blankLines"":0},{""language"":""Bourne Shell"",""commentLines"":1,""codeLines"":41,""blankLines"":10},{""language"":""Markdown"",""commentLines"":0,""codeLines"":241,""blankLines"":110},{""language"":""HTML"",""commentLines"":0,""codeLines"":75,""blankLines"":4},{""language"":""SVG"",""commentLines"":7,""codeLines"":2339,""blankLines"":6},{""language"":""ASP.NET"",""commentLines"":0,""codeLines"":78,""blankLines"":0},{""language"":""Vim Script"",""commentLines"":10,""codeLines"":134,""blankLines"":40},{""language"":""JavaScript"",""commentLines"":5365,""codeLines"":759745,""blankLines"":5452},{""language"":""XML"",""commentLines"":0,""codeLines"":169,""blankLines"":0},{""language"":""CSV"",""commentLines"":0,""codeLines"":2,""blankLines"":0},{""language"":""JSON"",""commentLines"":0,""codeLines"":3469,""blankLines"":5}]",2023-09-19T07:21:48,b18834b7a63d88d403f4166715969859d5ae29d8,,,"{""JavaScript"":19706561,""Pyret"":2297080,""Emacs Lisp"":100851,""Makefile"":14839,""Vim Script"":4764,""HTML"":2037,""Shell"":932}","[""anchor/repartee"",""bootstrap-wanted"",""bug"",""dependencies"",""duplicate"",""enhancement"",""error-message"",""fix-in-future"",""good first issue"",""horizon-fixed"",""invalid"",""modules"",""paper-cut"",""parsing"",""performance"",""question"",""table-fixes"",""tables"",""type-checker"",""wontfix""]","[""compiler"",""education"",""language"",""pyret""]"
7496367,ably/ably-js,false,3905,106,main,75,37,Apache License 2.0,35,246,48,23992,2012-11-13T07:41:13,2023-09-05T08:41:05,2023-08-22T07:45:08,https://ably.com/download,JavaScript,568,123,867,18,4260,51331,5603,"[{""language"":""Markdown"",""commentLines"":0,""codeLines"":1322,""blankLines"":782},{""language"":""JSON"",""commentLines"":0,""codeLines"":18804,""blankLines"":0},{""language"":""TypeScript"",""commentLines"":4077,""codeLines"":12203,""blankLines"":1588},{""language"":""JavaScript"",""commentLines"":1524,""codeLines"":18591,""blankLines"":1863},{""language"":""HTML"",""commentLines"":0,""codeLines"":70,""blankLines"":13},{""language"":""YAML"",""commentLines"":2,""codeLines"":341,""blankLines"":14}]",2023-09-04T02:33:05,76a54759405965f3ed725813bbd60d21397f6a72,,,"{""JavaScript"":760387,""TypeScript"":520396,""HTML"":2298,""Shell"":250,""CSS"":61}","[""blocked-by-ably"",""blocked-by-external"",""breaking"",""bug"",""code-quality"",""dependencies"",""documentation"",""enhancement"",""failing-test"",""investigate"",""push-notifications"",""testing""]","[""client-library"",""javascript"",""js"",""react-native"",""realtime"",""realtime-messaging"",""rest"",""sdk"",""ts"",""typescript""]"
7525101,knex/knex,false,3043,30,master,55,437,MIT License,206,17983,2073,16749,2012-12-29T05:18:25,2023-09-12T09:35:49,2023-09-12T07:58:59,https://knexjs.org/,JavaScript,3597,768,2086,95,9762,84610,3444,"[{""language"":""JSON"",""commentLines"":0,""codeLines"":358,""blankLines"":0},{""language"":""TypeScript"",""commentLines"":824,""codeLines"":5308,""blankLines"":944},{""language"":""JavaScript"",""commentLines"":2605,""codeLines"":76384,""blankLines"":7703},{""language"":""YAML"",""commentLines"":11,""codeLines"":462,""blankLines"":73},{""language"":""Markdown"",""commentLines"":0,""codeLines"":2000,""blankLines"":1018},{""language"":""Bourne Shell"",""commentLines"":4,""codeLines"":98,""blankLines"":24}]",2023-09-11T02:16:52,bbbe4d4637b3838e4a297a457460cd2c76a700d5,,,"{""JavaScript"":2694595,""TypeScript"":103575,""Shell"":3519}","[""backport to stable"",""breaking change"",""bug"",""cockroachdb"",""dependencies"",""discussion"",""docs"",""feature request"",""github_actions"",""good first issue"",""hacktoberfest-accepted"",""help wanted"",""high priority"",""improvement"",""insightful"",""javascript"",""migrations"",""missing documentation"",""missing tests"",""missing types"",""more information requested"",""mssql"",""mysql"",""needs changes"",""needs rebasing"",""oracle"",""planned for 1.0"",""postgresql"",""pr please"",""question"",""ready"",""refactoring"",""schema"",""sqlite"",""transactions"",""typings""]","[""javascript"",""knex"",""mysql"",""postgresql"",""sql"",""sqlite3""]"
7538822,cesiumgs/cesium,false,39361,315,main,149,287,Apache License 2.0,467,10935,3281,681016,2012-03-02T10:27:14,2023-09-12T08:51:57,2023-09-13T04:44:29,https://cesium.com/cesiumjs/,JavaScript,5475,1282,5974,12,109440,938758,155684,"[{""language"":""GLSL"",""commentLines"":2886,""codeLines"":8634,""blankLines"":1700},{""language"":""Handlebars"",""commentLines"":0,""codeLines"":40,""blankLines"":5},{""language"":""INI"",""commentLines"":0,""codeLines"":375,""blankLines"":0},{""language"":""Bourne Shell"",""commentLines"":7,""codeLines"":68,""blankLines"":6},{""language"":""JavaScript"",""commentLines"":149488,""codeLines"":704509,""blankLines"":93872},{""language"":""YAML"",""commentLines"":0,""codeLines"":55,""blankLines"":0},{""language"":""Markdown"",""commentLines"":0,""codeLines"":12300,""blankLines"":3699},{""language"":""SVG"",""commentLines"":84,""codeLines"":1013,""blankLines"":36},{""language"":""CSV"",""commentLines"":0,""codeLines"":9,""blankLines"":0},{""language"":""Python"",""commentLines"":44,""codeLines"":135,""blankLines"":27},{""language"":""CSS"",""commentLines"":2178,""codeLines"":15464,""blankLines"":2450},{""language"":""HTML"",""commentLines"":131,""codeLines"":80639,""blankLines"":7165},{""language"":""Less"",""commentLines"":858,""codeLines"":2563,""blankLines"":400},{""language"":""XML"",""commentLines"":0,""codeLines"":73521,""blankLines"":1},{""language"":""TypeScript"",""commentLines"":8,""codeLines"":347,""blankLines"":41},{""language"":""JSON"",""commentLines"":0,""codeLines"":39086,""blankLines"":38}]",2023-09-12T08:51:54,0488d5d322caa5e8d4e515a55a90a4f2a9633bd3,,,"{""JavaScript"":21255478,""HTML"":1824932,""GLSL"":467392,""CSS"":54735,""TypeScript"":11078,""Python"":4899,""Handlebars"":2480,""Shell"":2278}","[""3d tiles as terrain"",""breaking change"",""category - 2d / columbus view"",""category - 3d tiles"",""category - architecture / api"",""category - billboards"",""category - camera"",""category - custom shaders"",""category - czml"",""category - data sources"",""category - doc"",""category - entity"",""category - graphics"",""category - implicit tiling"",""category - kml"",""category - labels"",""category - math"",""category - memory/performance"",""category - metadata"",""category - model"",""category - picking"",""category - polygons/geometry"",""category - polyline"",""category - post-processing"",""category - sandcastle"",""category - terrain and imagery"",""category - tooling"",""category - typescript"",""category - voxels"",""category - widgets"",""cleanup"",""good first issue"",""label/billboard quality"",""macos/ios"",""modernization"",""needs feedback"",""onramping"",""packaging"",""priority - high"",""priority - next release"",""remove in 1.110"",""remove in 1.111"",""remove in 1.112"",""remove in 1.113"",""test failure"",""type - bug"",""type - enhancement"",""type - regression"",""type - roadmap"",""xr""]","[""3d"",""3d-globe"",""3d-tiles"",""cesium"",""czml"",""geospatial"",""gis"",""gltf"",""webgl""]"
7539852,tapjs/node-tap,false,2116,87,main,2,78,ISC License,23,2220,290,59438,2011-03-21T06:02:54,2023-07-30T04:13:57,2023-07-29T07:54:41,https://www.node-tap.org/,JavaScript,576,85,288,6,2541,33792,410,"[{""language"":""Markdown"",""commentLines"":0,""codeLines"":4284,""blankLines"":1460},{""language"":""YAML"",""commentLines"":1,""codeLines"":69,""blankLines"":11},{""language"":""JavaScript"",""commentLines"":267,""codeLines"":5985,""blankLines"":847},{""language"":""JSON"",""commentLines"":0,""codeLines"":21993,""blankLines"":0},{""language"":""SVG"",""commentLines"":3,""codeLines"":55,""blankLines"":0},{""language"":""Bourne Shell"",""commentLines"":0,""codeLines"":97,""blankLines"":9},{""language"":""TOML"",""commentLines"":0,""codeLines"":4,""blankLines"":0},{""language"":""CSS"",""commentLines"":139,""codeLines"":1072,""blankLines"":213},{""language"":""HTML"",""commentLines"":0,""codeLines"":233,""blankLines"":1}]",2023-07-30T04:13:55,e4c3d8e610cf1ed845107acf868a4b87dad78dcf,,,"{""JavaScript"":199847,""Shell"":1388}","[""approved feature"",""greenkeeper"",""legit bug"",""node version 10"",""node version 8"",""plan"",""semver major""]",[]
7544281,nexedi/erp5,false,54333,232,master,0,35,,35,168,79,906530,2011-05-17T04:00:11,2023-09-12T03:49:42,2023-08-23T05:58:30,https://www.erp5.com,JavaScript,0,0,3,0,319399,8482007,357225,"[{""language"":""Bourne Shell"",""commentLines"":38,""codeLines"":191,""blankLines"":35},{""language"":""PHP"",""commentLines"":27,""codeLines"":141,""blankLines"":34},{""language"":""reStructuredText"",""commentLines"":81,""codeLines"":556,""blankLines"":287},{""language"":""PO File"",""commentLines"":2359,""codeLines"":52678,""blankLines"":25723},{""language"":""CSV"",""commentLines"":0,""codeLines"":2,""blankLines"":0},{""language"":""Diff"",""commentLines"":24,""codeLines"":89,""blankLines"":7},{""language"":""XML"",""commentLines"":56,""codeLines"":6110462,""blankLines"":3066},{""language"":""TypeScript"",""commentLines"":541,""codeLines"":816,""blankLines"":139},{""language"":""JSON"",""commentLines"":0,""codeLines"":86429,""blankLines"":65},{""language"":""HTML"",""commentLines"":3061,""codeLines"":60461,""blankLines"":7933},{""language"":""DOS Batch"",""commentLines"":0,""codeLines"":4,""blankLines"":0},{""language"":""XSD"",""commentLines"":5,""codeLines"":1616,""blankLines"":56},{""language"":""Mathematica"",""commentLines"":0,""codeLines"":35,""blankLines"":13},{""language"":""Python"",""commentLines"":133415,""codeLines"":357756,""blankLines"":62429},{""language"":""CSS"",""commentLines"":7643,""codeLines"":118053,""blankLines"":9009},{""language"":""Web Services Description"",""commentLines"":105,""codeLines"":339,""blankLines"":34},{""language"":""SQL"",""commentLines"":72,""codeLines"":3363,""blankLines"":180},{""language"":""SVG"",""commentLines"":416,""codeLines"":159770,""blankLines"":590},{""language"":""XSLT"",""commentLines"":2,""codeLines"":39,""blankLines"":9},{""language"":""Perl"",""commentLines"":20,""codeLines"":145,""blankLines"":28},{""language"":""Markdown"",""commentLines"":0,""codeLines"":3077,""blankLines"":804},{""language"":""JavaScript"",""commentLines"":209360,""codeLines"":1525985,""blankLines"":208958}]",2023-09-12T01:57:20,2dc9f19aa508105d6f946966df915e129dca9257,,,"{""JavaScript"":63399626,""Python"":22512437,""HTML"":3681736,""CSS"":3067457,""TypeScript"":52028,""Rich Text Format"":13714,""Shell"":8317,""PHP"":5927,""Perl"":4939,""XSLT"":1505,""Mathematica"":1174,""Batchfile"":94}",[],[]
7559748,cartodb/windshaft-cartodb,false,6638,179,master,7,40,BSD 3-Clause New or Revised License,96,72,65,39815,2011-09-04T11:35:06,2023-09-06T09:52:20,2023-07-19T05:35:37,,JavaScript,461,36,776,23,9064,71771,1504,"[{""language"":""Python"",""commentLines"":3,""codeLines"":25,""blankLines"":9},{""language"":""CSS"",""commentLines"":5,""codeLines"":325,""blankLines"":39},{""language"":""HTML"",""commentLines"":1,""codeLines"":18,""blankLines"":4},{""language"":""YAML"",""commentLines"":38,""codeLines"":1740,""blankLines"":104},{""language"":""Markdown"",""commentLines"":0,""codeLines"":4058,""blankLines"":1913},{""language"":""Bourne Shell"",""commentLines"":0,""codeLines"":23,""blankLines"":2},{""language"":""SVG"",""commentLines"":0,""codeLines"":10,""blankLines"":0},{""language"":""SQL"",""commentLines"":132,""codeLines"":8461,""blankLines"":194},{""language"":""JSON"",""commentLines"":0,""codeLines"":8336,""blankLines"":1},{""language"":""JavaScript"",""commentLines"":1325,""codeLines"":48775,""blankLines"":6798}]",2023-09-06T09:50:50,302c84477dc189ff4df8ad2e1f617acb1fdf622c,,,"{""JavaScript"":1966891,""PLpgSQL"":50586,""CSS"":7484,""Shell"":1673,""Python"":1051,""HTML"":639}","[""blocked"",""bug"",""build/install"",""dependencies"",""do not merge yet"",""docs"",""duplicate"",""enhancement"",""feature"",""node.js"",""overviews"",""performance"",""question"",""rt-backend"",""task"",""testing""]",[]
7567191,geonode/geonode,false,18519,34,master,31,236,Other,113,1306,1070,458609,2010-06-03T06:14:47,2023-09-12T02:51:54,2023-09-12T03:46:15,https://geonode.org/,JavaScript,4055,265,7399,25,136725,694659,149844,"[{""language"":""Diff"",""commentLines"":8,""codeLines"":12,""blankLines"":0},{""language"":""JSX"",""commentLines"":270,""codeLines"":2201,""blankLines"":95},{""language"":""Dockerfile"",""commentLines"":26,""codeLines"":58,""blankLines"":27},{""language"":""INI"",""commentLines"":0,""codeLines"":74,""blankLines"":14},{""language"":""Bourne Shell"",""commentLines"":187,""codeLines"":1158,""blankLines"":262},{""language"":""Scheme"",""commentLines"":0,""codeLines"":86,""blankLines"":0},{""language"":""YAML"",""commentLines"":172,""codeLines"":783,""blankLines"":99},{""language"":""Markdown"",""commentLines"":0,""codeLines"":2573,""blankLines"":334},{""language"":""make"",""commentLines"":30,""codeLines"":89,""blankLines"":27},{""language"":""JavaScript"",""commentLines"":91689,""codeLines"":243504,""blankLines"":34194},{""language"":""Cucumber"",""commentLines"":0,""codeLines"":15,""blankLines"":3},{""language"":""Sass"",""commentLines"":0,""codeLines"":126,""blankLines"":8},{""language"":""XSLT"",""commentLines"":25,""codeLines"":1091,""blankLines"":21},{""language"":""PO File"",""commentLines"":36058,""codeLines"":214867,""blankLines"":81986},{""language"":""TOML"",""commentLines"":0,""codeLines"":18,""blankLines"":1},{""language"":""SVG"",""commentLines"":2,""codeLines"":32813,""blankLines"":0},{""language"":""reStructuredText"",""commentLines"":5,""codeLines"":118,""blankLines"":55},{""language"":""HTML"",""commentLines"":325,""codeLines"":11695,""blankLines"":1254},{""language"":""Python"",""commentLines"":19992,""codeLines"":86043,""blankLines"":16947},{""language"":""CSS"",""commentLines"":548,""codeLines"":30840,""blankLines"":347},{""language"":""JSON"",""commentLines"":0,""codeLines"":58943,""blankLines"":66},{""language"":""Bourne Again Shell"",""commentLines"":96,""codeLines"":235,""blankLines"":55},{""language"":""XML"",""commentLines"":10,""codeLines"":5116,""blankLines"":371},{""language"":""Less"",""commentLines"":401,""codeLines"":2201,""blankLines"":559}]",2023-09-12T08:50:05,006332bd7f86667c414031830aa64d911e4b71e9,,,"{""JavaScript"":8576670,""Python"":4915269,""HTML"":566198,""CSS"":547762,""XSLT"":67411,""Less"":62461,""Shell"":61086,""Makefile"":4529,""Dockerfile"":3758,""SCSS"":3477,""Scheme"":3155,""Gherkin"":529}","[""2.20.5"",""3.2.x"",""3.3.x"",""4.0.x"",""4.1.x"",""api v2"",""backport 3.2.x"",""backport 3.3.x"",""backport 4.0.x"",""backport 4.1.x"",""blocker"",""catalyst-academy"",""cla-signed"",""code quality"",""code-sprint2020"",""configuration"",""continuous integration"",""contrib-apps"",""dependencies"",""devops"",""docker"",""docs"",""documentationt"",""draft"",""enhancement"",""epic"",""feature"",""frontend"",""geoserver"",""gnip"",""in progress"",""in test"",""investigation"",""javascript"",""major"",""master"",""minor"",""needs further investigation"",""performance"",""python-3"",""question"",""regression"",""reminder"",""security"",""spc-docker"",""stale"",""tested"",""translations"",""wontfix""]","[""django"",""gis"",""python"",""sdi"",""spatial-data-infrastructure""]"
7567691,qooxdoo/qooxdoo,false,35613,16,master,43,96,Other,76,761,263,257247,2010-03-05T10:01:27,2023-08-21T10:20:32,2023-08-16T08:29:51,http://qooxdoo.org,JavaScript,9232,101,1373,3,70742,363774,121035,"[{""language"":""XML"",""commentLines"":0,""codeLines"":19,""blankLines"":0},{""language"":""JavaScript"",""commentLines"":120558,""codeLines"":269626,""blankLines"":62350},{""language"":""MXML"",""commentLines"":0,""codeLines"":29,""blankLines"":7},{""language"":""PHP"",""commentLines"":17,""codeLines"":134,""blankLines"":29},{""language"":""PO File"",""commentLines"":124,""codeLines"":3188,""blankLines"":1439},{""language"":""Sass"",""commentLines"":205,""codeLines"":3016,""blankLines"":749},{""language"":""Bourne Shell"",""commentLines"":10,""codeLines"":27,""blankLines"":13},{""language"":""YAML"",""commentLines"":21,""codeLines"":154,""blankLines"":18},{""language"":""Markdown"",""commentLines"":0,""codeLines"":20316,""blankLines"":5838},{""language"":""Bourne Again Shell"",""commentLines"":3,""codeLines"":40,""blankLines"":8},{""language"":""SVG"",""commentLines"":2,""codeLines"":247,""blankLines"":0},{""language"":""HTML"",""commentLines"":89,""codeLines"":1552,""blankLines"":223},{""language"":""CSS"",""commentLines"":6,""codeLines"":61,""blankLines"":5},{""language"":""JSON"",""commentLines"":0,""codeLines"":65352,""blankLines"":60},{""language"":""DOS Batch"",""commentLines"":0,""codeLines"":2,""blankLines"":0},{""language"":""Ant"",""commentLines"":0,""codeLines"":11,""blankLines"":3}]",2023-08-21T10:14:12,636f78cce2539aa4e5293e9bf6768c9262fdbb8e,,,"{""JavaScript"":14478053,""SCSS"":125275,""HTML"":78149,""PHP"":3979,""Shell"":2595,""CSS"":1352,""Batchfile"":116}","[""backport candidate for compiler 1.0"",""backport candidate for qx 6.0"",""backport candidate for qx7"",""blocker"",""bug"",""community"",""dependencies"",""discussion"",""do not merge"",""do not merge - v7"",""do not merge - v8"",""enhancement"",""github"",""hotfix"",""mobile"",""pullapprove-update"",""question"",""travis ci"",""waiting for feedback""]","[""backend-agnostic"",""framework"",""javascript"",""qooxdoo"",""qooxdoo-package"",""ria"",""ui"",""uikit""]"
7567978,firefox-devtools/profiler,false,7826,5,main,0,225,Mozilla Public License 2.0,35,965,368,56904,2012-03-02T11:55:22,2023-09-07T08:03:07,2023-09-07T03:08:29,https://profiler.firefox.com,JavaScript,1836,668,2868,49,21555,716896,25282,"[{""language"":""JSON"",""commentLines"":0,""codeLines"":557774,""blankLines"":0},{""language"":""JavaScript"",""commentLines"":24263,""codeLines"":131462,""blankLines"":17454},{""language"":""SVG"",""commentLines"":151,""codeLines"":2728,""blankLines"":5},{""language"":""Markdown"",""commentLines"":0,""codeLines"":2520,""blankLines"":1125},{""language"":""Bourne Shell"",""commentLines"":15,""codeLines"":45,""blankLines"":13},{""language"":""Freemarker Template"",""commentLines"":0,""codeLines"":15514,""blankLines"":1937},{""language"":""YAML"",""commentLines"":22,""codeLines"":134,""blankLines"":19},{""language"":""TOML"",""commentLines"":0,""codeLines"":2,""blankLines"":0},{""language"":""CSS"",""commentLines"":826,""codeLines"":5654,""blankLines"":955},{""language"":""HTML"",""commentLines"":5,""codeLines"":1063,""blankLines"":47}]",2023-09-06T02:15:11,9001486944e61b59bebaee7e89f91a545ae067af,,,"{""JavaScript"":5496857,""Fluent"":983956,""CSS"":155198,""HTML"":39462,""Shell"":2547}","[""accessibility"",""active tab"",""android"",""assigned"",""bug"",""call tree"",""categories"",""code maintenance"",""comparison"",""data transform"",""dependencies"",""discussion"",""documentation"",""feature"",""fission"",""flame graph"",""good first issue"",""help wanted"",""homepage"",""i18n"",""invalid"",""jit"",""js tracer"",""markers"",""memory"",""meta"",""navigation"",""needs gecko patch"",""needs requirements"",""network panel"",""perf"",""performance workflow"",""polish"",""privacy"",""profile data"",""quantum flow"",""ready"",""security"",""sidebar"",""source view"",""spam"",""stack chart"",""symbolication"",""tests"",""timeline"",""unified profiler"",""uploaded profiles"",""user-facing regression"",""ux-blocked"",""ux-needed"",""zip files""]","[""devtools"",""firefox"",""gecko-profiler"",""javascript"",""performance"",""profiler"",""react"",""redux""]"
7572130,patternslib/patterns,false,6424,50,master,128,34,Other,22,101,44,60701,2011-07-18T01:05:37,2023-08-30T02:19:16,2023-03-17T02:34:13,http://patternslib.com,JavaScript,495,69,683,19,10482,65351,3061,"[{""language"":""YAML"",""commentLines"":0,""codeLines"":21,""blankLines"":0},{""language"":""Python"",""commentLines"":0,""codeLines"":21,""blankLines"":8},{""language"":""CSS"",""commentLines"":508,""codeLines"":14996,""blankLines"":1644},{""language"":""make"",""commentLines"":29,""codeLines"":88,""blankLines"":59},{""language"":""HTML"",""commentLines"":43,""codeLines"":10197,""blankLines"":519},{""language"":""Bourne Shell"",""commentLines"":0,""codeLines"":3,""blankLines"":1},{""language"":""JavaScript"",""commentLines"":2282,""codeLines"":25742,""blankLines"":4401},{""language"":""Markdown"",""commentLines"":0,""codeLines"":5987,""blankLines"":3301},{""language"":""JSON"",""commentLines"":0,""codeLines"":898,""blankLines"":0},{""language"":""reStructuredText"",""commentLines"":93,""codeLines"":57,""blankLines"":55},{""language"":""Sass"",""commentLines"":99,""codeLines"":3633,""blankLines"":471},{""language"":""SVG"",""commentLines"":7,""codeLines"":3708,""blankLines"":23}]",2023-08-30T02:18:44,318b19036ef100bdd89b55b54c59821ec208c33d,,,"{""JavaScript"":1179934,""HTML"":373713,""SCSS"":92313,""CSS"":66771,""PEG.js"":66593,""Makefile"":3497,""Handlebars"":1362,""Python"":761,""Shell"":72}","[""ajax"",""blocked"",""bug"",""bugfix"",""business critical"",""code cleanup"",""core"",""definition"",""dependencies"",""documentation and demos"",""es6"",""hold merge"",""in progress"",""mockup"",""mockup patterns merging"",""new feature"",""new pattern"",""packaging"",""pattern  bumper"",""pattern auto scale"",""pattern auto submit"",""pattern auto-suggest"",""pattern calendar"",""pattern carousel"",""pattern checkedflag"",""pattern collapsible"",""pattern depends"",""pattern injection"",""pattern markdown"",""pattern modal"",""pattern scroll"",""pattern slides"",""pattern switch"",""pattern toggle"",""pattern tooltip"",""pattern validate"",""pattern zoom"",""performance"",""ready"",""review"",""syntax / config"",""test coverage"",""use case"",""website"",""wip""]","[""hacktoberfest"",""javascript"",""patternslib"",""ui-components""]"
7791895,spencermountain/compromise,false,5852,3,master,64,95,MIT License,167,10837,687,55678,2011-07-05T09:04:38,2023-09-08T01:31:10,2023-09-08T04:29:50,http://compromise.cool,JavaScript,652,91,357,0,5664,86946,8352,"[{""language"":""YAML"",""commentLines"":20,""codeLines"":108,""blankLines"":25},{""language"":""HTML"",""commentLines"":7,""codeLines"":271,""blankLines"":45},{""language"":""Markdown"",""commentLines"":0,""codeLines"":2529,""blankLines"":698},{""language"":""JSON"",""commentLines"":0,""codeLines"":9946,""blankLines"":0},{""language"":""TypeScript"",""commentLines"":381,""codeLines"":913,""blankLines"":175},{""language"":""JavaScript"",""commentLines"":7944,""codeLines"":73179,""blankLines"":4721}]",2023-09-08T01:31:10,3e00c9e16412b86d8c82f1c6e5cecf687cf44574,,,"{""JavaScript"":6071441,""TypeScript"":11856,""HTML"":3988,""Ruby"":610,""Python"":75}","[""bug"",""conjugation"",""dates"",""dependencies"",""discussion"",""enhancement"",""feature-request"",""fixed-on-dev"",""good-first-bug"",""grammar"",""help-wanted"",""hmmm"",""kinda-big"",""next-release"",""operations"",""priority"",""quick fix"",""ready"",""tagger"",""yesss""]","[""named-entity-recognition"",""nlp"",""part-of-speech""]"
7793678,cartodb/cartodb,false,77987,457,master,63,126,BSD 3-Clause New or Revised License,204,2693,675,432784,2012-07-05T03:23:45,2023-09-15T12:34:10,2023-10-29T03:18:36,http://carto.com,JavaScript,8521,81,7917,82,154879,952022,34584,"[{""language"":""SQL"",""commentLines"":60,""codeLines"":82,""blankLines"":63},{""language"":""Jupyter Notebook"",""commentLines"":1095,""codeLines"":16,""blankLines"":0},{""language"":""Ruby"",""commentLines"":6763,""codeLines"":157515,""blankLines"":31689},{""language"":""Vuejs Component"",""commentLines"":191,""codeLines"":25294,""blankLines"":2432},{""language"":""DOS Batch"",""commentLines"":1,""codeLines"":212,""blankLines"":29},{""language"":""Python"",""commentLines"":211,""codeLines"":269,""blankLines"":120},{""language"":""CSS"",""commentLines"":181,""codeLines"":4378,""blankLines"":603},{""language"":""Bourne Again Shell"",""commentLines"":0,""codeLines"":22,""blankLines"":10},{""language"":""reStructuredText"",""commentLines"":225,""codeLines"":595,""blankLines"":531},{""language"":""HTML"",""commentLines"":16,""codeLines"":1794,""blankLines"":213},{""language"":""Mustache"",""commentLines"":0,""codeLines"":892,""blankLines"":2},{""language"":""XML"",""commentLines"":24,""codeLines"":14693,""blankLines"":22},{""language"":""JSON"",""commentLines"":0,""codeLines"":239050,""blankLines"":13},{""language"":""Sass"",""commentLines"":1236,""codeLines"":55288,""blankLines"":11155},{""language"":""builder"",""commentLines"":0,""codeLines"":9,""blankLines"":0},{""language"":""EJS"",""commentLines"":25,""codeLines"":6255,""blankLines"":275},{""language"":""CSV"",""commentLines"":0,""codeLines"":78739,""blankLines"":33029},{""language"":""YAML"",""commentLines"":159,""codeLines"":3656,""blankLines"":225},{""language"":""make"",""commentLines"":6,""codeLines"":433,""blankLines"":28},{""language"":""ERB"",""commentLines"":27,""codeLines"":5460,""blankLines"":696},{""language"":""SVG"",""commentLines"":10,""codeLines"":3412,""blankLines"":5},{""language"":""Bourne Shell"",""commentLines"":83,""codeLines"":371,""blankLines"":94},{""language"":""JavaScript"",""commentLines"":24271,""codeLines"":343371,""blankLines"":71058},{""language"":""Markdown"",""commentLines"":0,""codeLines"":10216,""blankLines"":2587}]",2023-09-15T10:33:45,0af73ea4937f33b5862c55c24b85e9f00eeb7a12,,,"{""JavaScript"":9784874,""Ruby"":6995180,""HTML"":6933668,""SCSS"":1454540,""Vue"":755884,""Smarty"":654458,""EJS"":311401,""Jupyter Notebook"":47684,""Mustache"":30410,""Shell"":14538,""Makefile"":14050,""Python"":10350,""CSS"":7083,""PLpgSQL"":1233,""Procfile"":189}","["":fire:"",""analysis"",""backend"",""bizops"",""blocked"",""blocking a client"",""bug"",""carto gears api"",""cartography"",""data observatory"",""data-services"",""dependencies"",""design"",""do not merge yet"",""do-auth"",""do-licensing"",""documentation"",""e:0 points"",""e:0.5 points"",""e:1 point"",""e:100 points"",""e:13 points"",""e:2 points"",""e:20 points"",""e:3 points"",""e:40 points"",""e:5 points"",""e:8 points"",""e:?"",""easy"",""editor"",""editor migration"",""engine"",""enhancement"",""epic"",""export"",""feature"",""fill"",""frontend"",""ghost-tables"",""hiring-test"",""import api"",""importer"",""initiative"",""javascript"",""leapfrog"",""low"",""major-priority"",""meta"",""metrics"",""migrations"",""minor"",""mobile embed"",""mobile sdk"",""needs review"",""next"",""oauth"",""onboarding"",""python"",""rails"",""rails5"",""refactor-day"",""response-team"",""rollbar"",""rt-backend"",""rt-design"",""rt-frontend"",""rt-infrastructure"",""ruby"",""security"",""stale"",""waiting for frontend"",""won't fix""]","[""carto"",""geolocation"",""geospatial"",""location-services"",""postgis""]"
7799711,opendsa/opendsa,false,13354,16,master,0,119,Other,76,280,125,151566,2011-12-21T05:20:24,2023-09-10T02:10:56,2023-09-05T08:00:40,http://opendsa.org,JavaScript,354,57,203,2,139073,899790,150132,"[{""language"":""XML"",""commentLines"":111,""codeLines"":5132,""blankLines"":9},{""language"":""JavaScript"",""commentLines"":83047,""codeLines"":447007,""blankLines"":60775},{""language"":""TeX"",""commentLines"":84,""codeLines"":4663,""blankLines"":667},{""language"":""CoffeeScript"",""commentLines"":1,""codeLines"":47,""blankLines"":10},{""language"":""SVG"",""commentLines"":1,""codeLines"":8998,""blankLines"":1},{""language"":""make"",""commentLines"":104,""codeLines"":1535,""blankLines"":347},{""language"":""C/C++ Header"",""commentLines"":134,""codeLines"":273,""blankLines"":88},{""language"":""YAML"",""commentLines"":14,""codeLines"":101,""blankLines"":8},{""language"":""Markdown"",""commentLines"":0,""codeLines"":578,""blankLines"":197},{""language"":""Bourne Shell"",""commentLines"":21,""codeLines"":113,""blankLines"":24},{""language"":""JSON"",""commentLines"":0,""codeLines"":95721,""blankLines"":332},{""language"":""TypeScript"",""commentLines"":203,""codeLines"":56,""blankLines"":34},{""language"":""Python"",""commentLines"":3316,""codeLines"":7787,""blankLines"":2537},{""language"":""CSS"",""commentLines"":1889,""codeLines"":40965,""blankLines"":7904},{""language"":""C"",""commentLines"":75,""codeLines"":483,""blankLines"":112},{""language"":""HTML"",""commentLines"":3418,""codeLines"":200919,""blankLines"":21106},{""language"":""Stylus"",""commentLines"":193,""codeLines"":812,""blankLines"":236},{""language"":""Java"",""commentLines"":2446,""codeLines"":9280,""blankLines"":1854},{""language"":""C++"",""commentLines"":491,""codeLines"":1615,""blankLines"":380},{""language"":""Ruby"",""commentLines"":1,""codeLines"":21,""blankLines"":5},{""language"":""Dockerfile"",""commentLines"":0,""codeLines"":53,""blankLines"":25},{""language"":""reStructuredText"",""commentLines"":54583,""codeLines"":73631,""blankLines"":42422}]",2023-09-10T02:10:18,54ab013417c3058691a1134949c0eaa2d8c7a698,,,"{""JavaScript"":20200057,""HTML"":9413865,""CSS"":1385264,""Python"":511103,""Java"":412345,""TeX"":106348,""C++"":87472,""Makefile"":68416,""Roff"":51342,""Yacc"":49341,""C"":18600,""Stylus"":16039,""Shell"":5759,""CoffeeScript"":2022,""Ruby"":733,""Dockerfile"":577}","[""av"",""bug"",""configuration"",""content"",""dependencies"",""documentation"",""enhancement"",""fixed?"",""high priority"",""ka exercise infrastructure"",""module infrastructure"",""new ka infrastructure"",""project?"",""python"",""system infrastructure"",""timeme"",""tracking infrastructure"",""won't fix?""]",[]
7811792,countly/countly-server,false,19371,665,master,85,73,Other,228,5246,969,380618,2012-05-28T06:48:40,2023-09-13T03:19:54,2023-09-12T11:27:03,https://countly.com,JavaScript,421,10,4101,16,38685,434622,54076,"[{""language"":""SVG"",""commentLines"":83,""codeLines"":27155,""blankLines"":4},{""language"":""Markdown"",""commentLines"":0,""codeLines"":3397,""blankLines"":532},{""language"":""Sass"",""commentLines"":415,""codeLines"":11933,""blankLines"":1462},{""language"":""YAML"",""commentLines"":119,""codeLines"":1563,""blankLines"":126},{""language"":""Dockerfile"",""commentLines"":4,""codeLines"":43,""blankLines"":9},{""language"":""XML"",""commentLines"":0,""codeLines"":48,""blankLines"":0},{""language"":""JSON"",""commentLines"":0,""codeLines"":27203,""blankLines"":0},{""language"":""JavaScript"",""commentLines"":51912,""codeLines"":281438,""blankLines"":31320},{""language"":""Bourne Shell"",""commentLines"":744,""codeLines"":5208,""blankLines"":1177},{""language"":""HTML"",""commentLines"":336,""codeLines"":21149,""blankLines"":556},{""language"":""CSS"",""commentLines"":463,""codeLines"":16468,""blankLines"":3499},{""language"":""CSV"",""commentLines"":0,""codeLines"":39017,""blankLines"":0}]",2023-09-12T11:05:27,a2a98da5c1d1b85b4d445fe58316a598092cc231,,,"{""JavaScript"":11093040,""HTML"":1272651,""CSS"":487924,""SCSS"":336534,""Shell"":274307,""C++"":97343,""Dockerfile"":3073,""Python"":580}","[""bug"",""dependencies"",""do-not-merge"",""do-not-review"",""duplicate"",""enhancement"",""enterprise-edition"",""feature-request"",""good-first-issue"",""greenkeeper"",""hacktoberfest-accepted"",""localization"",""mid-term"",""not-merging-yet"",""security"",""user interface"",""wontfix""]","[""analytics"",""coppa"",""crash-analytics"",""crash-reports"",""dashboard"",""data"",""data-ownership"",""data-privacy"",""feature-flags"",""gdpr"",""hipaa"",""insights"",""mobile-analytics"",""product-analytics"",""product-management"",""push-notifications"",""remote-configuration"",""tracking"",""user-feedback"",""web-analytics""]"
7814668,e2openplugins/e2openplugin-openwebif,false,4632,10,master,0,122,GNU General Public License v3.0,63,194,231,109828,2011-10-09T02:55:04,2023-08-22T05:33:34,2023-08-15T11:06:35,,JavaScript,836,77,790,0,32908,146849,12151,"[{""language"":""Python"",""commentLines"":2340,""codeLines"":13059,""blankLines"":2456},{""language"":""CSS"",""commentLines"":1328,""codeLines"":29047,""blankLines"":3803},{""language"":""HTML"",""commentLines"":42,""codeLines"":3823,""blankLines"":292},{""language"":""SVG"",""commentLines"":0,""codeLines"":289,""blankLines"":0},{""language"":""Sass"",""commentLines"":0,""codeLines"":1080,""blankLines"":200},{""language"":""JavaScript"",""commentLines"":6699,""codeLines"":49964,""blankLines"":9320},{""language"":""YAML"",""commentLines"":0,""codeLines"":144,""blankLines"":25},{""language"":""make"",""commentLines"":6,""codeLines"":10,""blankLines"":4},{""language"":""reStructuredText"",""commentLines"":24,""codeLines"":23,""blankLines"":19},{""language"":""Markdown"",""commentLines"":0,""codeLines"":662,""blankLines"":206},{""language"":""Bourne Shell"",""commentLines"":131,""codeLines"":519,""blankLines"":75},{""language"":""PO File"",""commentLines"":1581,""codeLines"":34779,""blankLines"":16508},{""language"":""JSON"",""commentLines"":0,""codeLines"":13450,""blankLines"":0}]",2023-08-22T05:33:33,3f576fd53cb3787f9f3a74b44f68518055e36662,,,"{""JavaScript"":1075548,""Python"":552752,""CSS"":347372,""HTML"":337157,""SCSS"":22819,""Shell"":22253}","[""api ?"",""autotimers ?"",""bug ?"",""classic interface"",""dependencies ?"",""discussion ?"",""feature request ?"",""high ??"",""image-specific ?"",""improvement ?"",""javascript"",""low ?"",""medium ?"",""modern interface"",""not reproducible ????"",""not-a-bug ?"",""python"",""question ?"",""security ?"",""translation ?"",""won't fix ?""]","[""cheetah"",""css"",""enigma2"",""enigma2-plugin"",""gui"",""html"",""js"",""python3"",""twisted""]"
7825161,ccnmtl/mediathread,false,12879,13,master,9,25,Other,12,82,35,352677,2010-01-06T08:45:48,2023-09-12T01:56:21,2023-09-08T04:26:11,https://mediathread.ctl.columbia.edu/,JavaScript,40,8,5058,6,59500,430555,77664,"[{""language"":""Python"",""commentLines"":3008,""codeLines"":24478,""blankLines"":6788},{""language"":""CSS"",""commentLines"":369,""codeLines"":14665,""blankLines"":2624},{""language"":""C"",""commentLines"":47,""codeLines"":198,""blankLines"":27},{""language"":""Cucumber"",""commentLines"":148,""codeLines"":1493,""blankLines"":472},{""language"":""HTML"",""commentLines"":12501,""codeLines"":91105,""blankLines"":14299},{""language"":""Mustache"",""commentLines"":5,""codeLines"":2393,""blankLines"":123},{""language"":""JavaScript"",""commentLines"":60878,""codeLines"":249999,""blankLines"":33847},{""language"":""Bourne Shell"",""commentLines"":45,""codeLines"":155,""blankLines"":55},{""language"":""SVG"",""commentLines"":64,""codeLines"":2499,""blankLines"":2},{""language"":""SQL"",""commentLines"":4,""codeLines"":3,""blankLines"":5},{""language"":""make"",""commentLines"":53,""codeLines"":246,""blankLines"":50},{""language"":""YAML"",""commentLines"":46,""codeLines"":339,""blankLines"":14},{""language"":""Markdown"",""commentLines"":0,""codeLines"":683,""blankLines"":360},{""language"":""JSON"",""commentLines"":0,""codeLines"":23432,""blankLines"":5},{""language"":""XML"",""commentLines"":336,""codeLines"":14763,""blankLines"":296},{""language"":""TypeScript"",""commentLines"":0,""codeLines"":2,""blankLines"":0},{""language"":""JSX"",""commentLines"":158,""codeLines"":4089,""blankLines"":533},{""language"":""Dockerfile"",""commentLines"":2,""codeLines"":13,""blankLines"":0}]",2023-09-12T01:54:30,d905b2f60e37ee9dc856ff38f576e1e2fdbad896,,,"{""JavaScript"":8722992,""HTML"":4737958,""Python"":1284093,""CSS"":381391,""Mustache"":129154,""Gherkin"":78972,""Makefile"":7853,""Shell"":7751,""C"":7006,""Dockerfile"":404}","[""accessibility"",""conflict"",""dependencies"",""greenkeeper"",""javascript"",""python"",""security"",""work-in-progress"",""worksforme""]","[""django"",""python""]"
8374631,ether/etherpad-lite,false,8219,196,develop,41,260,Apache License 2.0,356,14750,2677,35948,2011-03-26T01:09:02,2023-09-12T03:51:43,2023-09-13T03:14:03,https://etherpad.org,JavaScript,3003,122,2832,26,13322,94831,16232,"[{""language"":""SVG"",""commentLines"":9,""codeLines"":273,""blankLines"":68},{""language"":""Bourne Again Shell"",""commentLines"":8,""codeLines"":23,""blankLines"":6},{""language"":""JSON"",""commentLines"":0,""codeLines"":27178,""blankLines"":24},{""language"":""CSS"",""commentLines"":319,""codeLines"":3685,""blankLines"":490},{""language"":""HTML"",""commentLines"":55,""codeLines"":1333,""blankLines"":157},{""language"":""AsciiDoc"",""commentLines"":26,""codeLines"":2784,""blankLines"":1170},{""language"":""YAML"",""commentLines"":188,""codeLines"":1311,""blankLines"":64},{""language"":""Markdown"",""commentLines"":0,""codeLines"":1829,""blankLines"":409},{""language"":""Dockerfile"",""commentLines"":46,""codeLines"":56,""blankLines"":20},{""language"":""Bourne Shell"",""commentLines"":113,""codeLines"":666,""blankLines"":164},{""language"":""DOS Batch"",""commentLines"":9,""codeLines"":27,""blankLines"":9},{""language"":""JavaScript"",""commentLines"":15457,""codeLines"":55224,""blankLines"":10613},{""language"":""TeX"",""commentLines"":2,""codeLines"":442,""blankLines"":128}]",2023-09-11T03:14:20,55096db854feddb84647bea6856a075e43ebccdb,,,"{""JavaScript"":2333590,""CSS"":89604,""HTML"":87120,""Shell"":29572,""Dockerfile"":3691,""NSIS"":1498,""Batchfile"":1488,""Makefile"":849}","[""admin"",""async-migration"",""auth"",""black hole bug"",""bounty"",""bug"",""changesets"",""cli"",""closable but waiting for op out of politeness"",""database"",""dependencies"",""docker"",""docs"",""easy to solve"",""editor"",""export/import"",""express server"",""feature request"",""github_actions"",""http api"",""i18n"",""incomplete"",""javascript"",""licensing"",""lists"",""minor bug"",""needs confirmation"",""needs rewrite"",""needs special equipment to test"",""new-skin"",""packaging"",""performance"",""plugin framework"",""plugin request"",""privacy"",""question"",""security"",""serious bug"",""special case bug"",""stale"",""stale code"",""tests"",""timeslider"",""ui"",""upstream bug"",""ux"",""waiting on testing"",""windows"",""wontfix""]","[""collaboration"",""collaborative"",""collaborative-editing"",""collaborative-framework"",""collaborative-research"",""collaborative-writing"",""document"",""documents"",""docx"",""etherpad"",""libreoffice"",""microsoft"",""pdf"",""pdf-generation"",""rich-text-editor"",""video-conference"",""video-conferencing"",""web-editor"",""word""]"
14225422,wurmlab/sequenceserver,false,2130,14,master,37,35,Other,16,253,110,56537,2010-10-01T06:19:41,2023-08-09T01:02:14,2023-07-18T09:01:10,https://sequenceserver.com,JavaScript,414,74,264,12,52728,924127,46878,"[{""language"":""JSON"",""commentLines"":0,""codeLines"":23402,""blankLines"":52},{""language"":""TypeScript"",""commentLines"":112,""codeLines"":85,""blankLines"":2},{""language"":""Dockerfile"",""commentLines"":25,""codeLines"":55,""blankLines"":26},{""language"":""HTML"",""commentLines"":63,""codeLines"":9803,""blankLines"":1029},{""language"":""CSS"",""commentLines"":2722,""codeLines"":58564,""blankLines"":1862},{""language"":""Less"",""commentLines"":58,""codeLines"":1865,""blankLines"":68},{""language"":""Diff"",""commentLines"":267,""codeLines"":562,""blankLines"":94},{""language"":""Ruby"",""commentLines"":1983,""codeLines"":8332,""blankLines"":2637},{""language"":""CSV"",""commentLines"":0,""codeLines"":24,""blankLines"":0},{""language"":""JavaScript"",""commentLines"":40064,""codeLines"":408460,""blankLines"":44205},{""language"":""PHP"",""commentLines"":76,""codeLines"":94,""blankLines"":16},{""language"":""XML"",""commentLines"":11,""codeLines"":372922,""blankLines"":58},{""language"":""Haxe"",""commentLines"":1244,""codeLines"":3120,""blankLines"":810},{""language"":""CoffeeScript"",""commentLines"":111,""codeLines"":1305,""blankLines"":181},{""language"":""ERB"",""commentLines"":25,""codeLines"":1526,""blankLines"":81},{""language"":""make"",""commentLines"":0,""codeLines"":7,""blankLines"":4},{""language"":""YAML"",""commentLines"":72,""codeLines"":14933,""blankLines"":15},{""language"":""Markdown"",""commentLines"":0,""codeLines"":3436,""blankLines"":940},{""language"":""Sass"",""commentLines"":36,""codeLines"":4582,""blankLines"":645},{""language"":""SQL"",""commentLines"":0,""codeLines"":9384,""blankLines"":0},{""language"":""Bourne Shell"",""commentLines"":9,""codeLines"":4,""blankLines"":3},{""language"":""SVG"",""commentLines"":0,""codeLines"":1662,""blankLines"":0}]",2023-08-09T10:45:17,1c7670aca337b38c2b17976f57d667a8b0c1defc,,,"{""JavaScript"":927930,""Ruby"":449682,""HTML"":51763,""CSS"":35034,""Dockerfile"":3813,""Shell"":685}","[""bite-sized"",""bug"",""build"",""dependencies"",""documentation/maintenance"",""faq"",""feature"",""feedback"",""good first issue"",""hacktoberfest"",""help wanted"",""integration"",""javascript"",""priority"",""question"",""refinement"",""ui"",""user experience"",""vendor-issue""]","[""bioinformatics"",""blast"",""genomics"",""genomics-visualization"",""hacktoberfest"",""javascript"",""ruby"",""sequence-alignment"",""sequencing"",""visualization""]"
18437492,limesurvey/limesurvey,false,38931,213,master,0,215,Other,131,2351,955,1301814,2012-01-30T02:14:53,2023-09-12T08:39:23,2023-09-12T10:47:02,https://www.limesurvey.org,JavaScript,0,0,3435,104,241388,2978621,429098,"[{""language"":""Sass"",""commentLines"":848,""codeLines"":29280,""blankLines"":2871},{""language"":""Twig"",""commentLines"":4132,""codeLines"":13864,""blankLines"":1658},{""language"":""XML"",""commentLines"":1021,""codeLines"":204865,""blankLines"":2234},{""language"":""PHP"",""commentLines"":210347,""codeLines"":1129704,""blankLines"":72039},{""language"":""C++"",""commentLines"":599,""codeLines"":7921,""blankLines"":1236},{""language"":""Stylus"",""commentLines"":0,""codeLines"":2484,""blankLines"":2},{""language"":""DOS Batch"",""commentLines"":34,""codeLines"":171,""blankLines"":44},{""language"":""Vuejs Component"",""commentLines"":62,""codeLines"":1754,""blankLines"":102},{""language"":""Diff"",""commentLines"":36,""codeLines"":21,""blankLines"":4},{""language"":""Less"",""commentLines"":1492,""codeLines"":12883,""blankLines"":1318},{""language"":""TypeScript"",""commentLines"":2033,""codeLines"":2339,""blankLines"":660},{""language"":""YAML"",""commentLines"":105,""codeLines"":1194,""blankLines"":141},{""language"":""Markdown"",""commentLines"":0,""codeLines"":10875,""blankLines"":3929},{""language"":""Visual Studio Solution"",""commentLines"":1,""codeLines"":20,""blankLines"":1},{""language"":""MXML"",""commentLines"":0,""codeLines"":125,""blankLines"":11},{""language"":""JavaScript"",""commentLines"":201104,""codeLines"":1182253,""blankLines"":120176},{""language"":""Bourne Again Shell"",""commentLines"":0,""codeLines"":4,""blankLines"":0},{""language"":""reStructuredText"",""commentLines"":7,""codeLines"":44,""blankLines"":24},{""language"":""PowerShell"",""commentLines"":6,""codeLines"":10,""blankLines"":5},{""language"":""JSON"",""commentLines"":0,""codeLines"":22114,""blankLines"":23},{""language"":""INI"",""commentLines"":1,""codeLines"":199,""blankLines"":2},{""language"":""make"",""commentLines"":0,""codeLines"":27,""blankLines"":9},{""language"":""C/C++ Header"",""commentLines"":319,""codeLines"":837,""blankLines"":257},{""language"":""HTML"",""commentLines"":335,""codeLines"":33737,""blankLines"":3693},{""language"":""CSS"",""commentLines"":5900,""codeLines"":271717,""blankLines"":30481},{""language"":""Bourne Shell"",""commentLines"":57,""codeLines"":312,""blankLines"":46},{""language"":""SVG"",""commentLines"":122,""codeLines"":47683,""blankLines"":68},{""language"":""SQL"",""commentLines"":537,""codeLines"":2184,""blankLines"":354}]",2023-09-12T02:18:39,46a5e98d197c6fe273ae750e9859f341df8a3d58,,,"{""JavaScript"":15877224,""PHP"":13729645,""CSS"":4594502,""HTML"":2074454,""Twig"":980430,""SCSS"":850242,""Less"":431787,""Stylus"":119395,""Vue"":83419,""Hack"":4076,""Shell"":3725,""Makefile"":868,""Batchfile"":197,""PowerShell"":162}","[""code review done"",""decision needed"",""dependencies"",""discussion ongoing"",""feature"",""feedback"",""hard to test"",""has auto test"",""in testing"",""javascript"",""major impact"",""minor impact"",""missing unit test"",""needs code review"",""needs testing"",""needs update by author"",""no impact"",""plugin"",""technical"",""test failed"",""tested ok""]","[""html5"",""javascript"",""limesurvey"",""mssql"",""mysql"",""php"",""postgres"",""responsive-design"",""survey""]"
21176356,forcedotcom/salesforcemobilesdk-shared,false,1833,2,dev,0,29,BSD 3-Clause New or Revised License,23,68,92,57499,2011-11-19T12:34:35,2023-11-06T10:18:34,2023-07-30T11:42:24,,JavaScript,14,0,518,0,11308,58013,22994,"[{""language"":""JSON"",""commentLines"":0,""codeLines"":253,""blankLines"":0},{""language"":""JavaScript"",""commentLines"":21132,""codeLines"":51979,""blankLines"":10018},{""language"":""Markdown"",""commentLines"":0,""codeLines"":248,""blankLines"":81},{""language"":""HTML"",""commentLines"":1607,""codeLines"":778,""blankLines"":503},{""language"":""CSS"",""commentLines"":251,""codeLines"":4660,""blankLines"":684},{""language"":""Bourne Shell"",""commentLines"":4,""codeLines"":95,""blankLines"":22}]",2023-11-06T10:18:32,22df99e8f48e196bee64423c5c15b3618e4c6ce3,,,"{""JavaScript"":724159,""HTML"":10416,""Shell"":3319}","[""bug"",""cla:missing"",""cla:signed"",""enhancement"",""investigaton""]",[]
94514386,mozilla/releases-comm-central,false,39551,36,master,0,231,,21,134,97,249415,2012-06-06T09:42:18,2023-09-12T09:39:13,2023-08-28T03:45:33,,JavaScript,43,36,25,17,307887,1885373,365604,"[{""language"":""AsciiDoc"",""commentLines"":2,""codeLines"":1885,""blankLines"":750},{""language"":""TypeScript"",""commentLines"":526,""codeLines"":3719,""blankLines"":1118},{""language"":""DOS Batch"",""commentLines"":1,""codeLines"":12,""blankLines"":6},{""language"":""SQL"",""commentLines"":19,""codeLines"":599,""blankLines"":59},{""language"":""IDL"",""commentLines"":0,""codeLines"":23797,""blankLines"":3932},{""language"":""C"",""commentLines"":25687,""codeLines"":167066,""blankLines"":26817},{""language"":""XHTML"",""commentLines"":1977,""codeLines"":66869,""blankLines"":6268},{""language"":""Awk"",""commentLines"":384,""codeLines"":333,""blankLines"":59},{""language"":""M4"",""commentLines"":963,""codeLines"":26159,""blankLines"":2707},{""language"":""Objective-C++"",""commentLines"":124,""codeLines"":1276,""blankLines"":334},{""language"":""Python"",""commentLines"":4468,""codeLines"":20152,""blankLines"":5386},{""language"":""DTD"",""commentLines"":2047,""codeLines"":9659,""blankLines"":1469},{""language"":""CSV"",""commentLines"":0,""codeLines"":22,""blankLines"":0},{""language"":""WiX source"",""commentLines"":22,""codeLines"":71,""blankLines"":11},{""language"":""NAnt script"",""commentLines"":0,""codeLines"":4782,""blankLines"":863},{""language"":""reStructuredText"",""commentLines"":5218,""codeLines"":11521,""blankLines"":6679},{""language"":""Markdown"",""commentLines"":0,""codeLines"":2266,""blankLines"":772},{""language"":""YAML"",""commentLines"":783,""codeLines"":8489,""blankLines"":598},{""language"":""C++"",""commentLines"":42707,""codeLines"":319191,""blankLines"":56479},{""language"":""CMake"",""commentLines"":278,""codeLines"":1036,""blankLines"":138},{""language"":""Freemarker Template"",""commentLines"":0,""codeLines"":7085,""blankLines"":2519},{""language"":""sed"",""commentLines"":0,""codeLines"":16,""blankLines"":0},{""language"":""Lisp"",""commentLines"":124,""codeLines"":185,""blankLines"":79},{""language"":""Assembly"",""commentLines"":11673,""codeLines"":33260,""blankLines"":6793},{""language"":""Windows Resource File"",""commentLines"":17,""codeLines"":340,""blankLines"":144},{""language"":""Windows Module Definition"",""commentLines"":47,""codeLines"":279,""blankLines"":53},{""language"":""Dockerfile"",""commentLines"":4,""codeLines"":57,""blankLines"":15},{""language"":""JSON"",""commentLines"":0,""codeLines"":67785,""blankLines"":131},{""language"":""Bourne Again Shell"",""commentLines"":0,""codeLines"":6,""blankLines"":3},{""language"":""Diff"",""commentLines"":16,""codeLines"":7,""blankLines"":4},{""language"":""HTML"",""commentLines"":109,""codeLines"":5848,""blankLines"":543},{""language"":""CSS"",""commentLines"":5855,""codeLines"":59737,""blankLines"":15415},{""language"":""XML"",""commentLines"":2835,""codeLines"":53185,""blankLines"":5169},{""language"":""JavaScript"",""commentLines"":177645,""codeLines"":717640,""blankLines"":111223},{""language"":""PO File"",""commentLines"":11360,""codeLines"":21470,""blankLines"":9863},{""language"":""Bourne Shell"",""commentLines"":15658,""codeLines"":93116,""blankLines"":14100},{""language"":""SVG"",""commentLines"":1917,""codeLines"":29817,""blankLines"":84},{""language"":""Perl"",""commentLines"":572,""codeLines"":1377,""blankLines"":294},{""language"":""make"",""commentLines"":428,""codeLines"":1323,""blankLines"":382},{""language"":""Jinja Template"",""commentLines"":0,""codeLines"":31,""blankLines"":2},{""language"":""C/C++ Header"",""commentLines"":46597,""codeLines"":110197,""blankLines"":25021},{""language"":""TOML"",""commentLines"":30,""codeLines"":283,""blankLines"":47},{""language"":""INI"",""commentLines"":41,""codeLines"":3003,""blankLines"":174},{""language"":""TeX"",""commentLines"":5470,""codeLines"":10422,""blankLines"":1384}]",2023-09-12T09:31:15,836e13d9832f575ab31daff326819243587778ac,,,"{""JavaScript"":29908146,""C++"":11083620,""HTML"":3352037,""CSS"":1949758,""Java"":907436,""C"":714538,""Python"":561231,""IDL"":350514,""Fluent"":313206,""NSIS"":241599,""Makefile"":44199,""Shell"":33649,""Roff"":4877,""Objective-C++"":2027,""DIGITAL Command Language"":1737,""Dockerfile"":1373,""Jinja"":1245,""NASL"":406}","[""bug"",""dependencies"",""duplicate"",""enhancement"",""invalid"",""javascript"",""python"",""question"",""wontfix""]",[]
94564783,tapjs/tapjs,false,3488,90,main,2,93,Other,23,2234,289,69877,2011-03-21T06:02:54,2023-09-10T11:54:13,2023-09-09T03:26:34,https://www.node-tap.org/,JavaScript,585,5,290,1,9398,423058,10726,"[{""language"":""Nunjucks"",""commentLines"":0,""codeLines"":28,""blankLines"":3},{""language"":""Bourne Shell"",""commentLines"":47,""codeLines"":194,""blankLines"":43},{""language"":""CSS"",""commentLines"":0,""codeLines"":4,""blankLines"":0},{""language"":""YAML"",""commentLines"":7,""codeLines"":73,""blankLines"":12},{""language"":""Markdown"",""commentLines"":2,""codeLines"":2761,""blankLines"":842},{""language"":""JSON"",""commentLines"":0,""codeLines"":9795,""blankLines"":0},{""language"":""make"",""commentLines"":0,""codeLines"":8,""blankLines"":4},{""language"":""Text"",""commentLines"":0,""codeLines"":15,""blankLines"":0},{""language"":""TypeScript"",""commentLines"":5793,""codeLines"":33410,""blankLines"":3092},{""language"":""JavaScript"",""commentLines"":4877,""codeLines"":376582,""blankLines"":5393},{""language"":""Mustache"",""commentLines"":0,""codeLines"":188,""blankLines"":9}]",2023-09-10T11:54:10,a5c0e0c3ecb952fcc719d95e772502976d3b8dcf,,,"{""JavaScript"":7754334,""TypeScript"":1260574,""CSS"":16668,""Shell"":11471,""Mustache"":7292,""Nunjucks"":4057,""HTML"":3188}","[""approved feature"",""greenkeeper"",""legit bug"",""node version 10"",""node version 8"",""plan"",""semver major""]",[]
